CREATE TABLE CUESTIONARIO_EMPLEADORES(
ID INTEGER UNSIGNED PRIMARY KEY AUTO_INCREMENT,
ID_CUESTIONARIO INTEGER UNSIGNED NOT NULL,
ID_USUARIO INTEGER UNSIGNED NOT NULL,
PREGUNTA_1 INTEGER UNSIGNED NOT NULL,
PREGUNTA_2 INTEGER UNSIGNED NOT NULL,
PREGUNTA_3 INTEGER UNSIGNED NOT NULL,
PREGUNTA_4 INTEGER UNSIGNED,
PREGUNTA_5 VARCHAR(1000),
PREGUNTA_6 INTEGER UNSIGNED,
PREGUNTA_7 INTEGER UNSIGNED NOT NULL,
PREGUNTA_8 INTEGER UNSIGNED NOT NULL,
PREGUNTA_9 INTEGER UNSIGNED NOT NULL,
PREGUNTA_10 INTEGER UNSIGNED NOT NULL,
PREGUNTA_11 INTEGER UNSIGNED NOT NULL,
PREGUNTA_12 INTEGER UNSIGNED NOT NULL,
PREGUNTA_13 INTEGER UNSIGNED NOT NULL,
PREGUNTA_14 INTEGER UNSIGNED NOT NULL,
PREGUNTA_15 INTEGER UNSIGNED NOT NULL,
PREGUNTA_16 INTEGER UNSIGNED NOT NULL,
PREGUNTA_17 INTEGER UNSIGNED NOT NULL,
PREGUNTA_18 INTEGER UNSIGNED NOT NULL,
PREGUNTA_19 INTEGER UNSIGNED NOT NULL,
PREGUNTA_20 INTEGER UNSIGNED NOT NULL,
PREGUNTA_21 INTEGER UNSIGNED NOT NULL,
PREGUNTA_22 INTEGER UNSIGNED NOT NULL,
PREGUNTA_23 INTEGER UNSIGNED NOT NULL,
PREGUNTA_24 INTEGER UNSIGNED NOT NULL,
PREGUNTA_25 INTEGER UNSIGNED NOT NULL,
PREGUNTA_26 INTEGER UNSIGNED NOT NULL,
PREGUNTA_27 INTEGER UNSIGNED NOT NULL,
PREGUNTA_28 INTEGER UNSIGNED NOT NULL,
PREGUNTA_29 INTEGER UNSIGNED NOT NULL,
PREGUNTA_30 INTEGER UNSIGNED NOT NULL,
PREGUNTA_31 INTEGER UNSIGNED NOT NULL,
PREGUNTA_32 INTEGER UNSIGNED NOT NULL,
PREGUNTA_33 INTEGER UNSIGNED NOT NULL,
PREGUNTA_34 INTEGER UNSIGNED NOT NULL,
PREGUNTA_35 INTEGER UNSIGNED NOT NULL,
PREGUNTA_36 INTEGER UNSIGNED NOT NULL,
PREGUNTA_37 INTEGER UNSIGNED NOT NULL,
PREGUNTA_38 BOOLEAN,
PREGUNTA_39 BOOLEAN,
PREGUNTA_40 BOOLEAN,
PREGUNTA_41 BOOLEAN,
PREGUNTA_42 BOOLEAN,
PREGUNTA_43 BOOLEAN,
PREGUNTA_44 BOOLEAN,
PREGUNTA_45 BOOLEAN,
PREGUNTA_46 BOOLEAN,
PREGUNTA_47 BOOLEAN,
PREGUNTA_48 INTEGER UNSIGNED NOT NULL,
PREGUNTA_49 INTEGER UNSIGNED NOT NULL,
PREGUNTA_50 INTEGER UNSIGNED NOT NULL,
PREGUNTA_51 INTEGER UNSIGNED NOT NULL,
PREGUNTA_52 INTEGER UNSIGNED NOT NULL,
PREGUNTA_53 INTEGER UNSIGNED NOT NULL,
PREGUNTA_54 INTEGER UNSIGNED NOT NULL,
PREGUNTA_55 INTEGER UNSIGNED NOT NULL,
PREGUNTA_56 INTEGER UNSIGNED NOT NULL,
PREGUNTA_57 INTEGER UNSIGNED NOT NULL,
PREGUNTA_58 INTEGER UNSIGNED NOT NULL,
PREGUNTA_59 INTEGER UNSIGNED NOT NULL,
PREGUNTA_60 INTEGER UNSIGNED NOT NULL,
PREGUNTA_61 INTEGER UNSIGNED NOT NULL,
PREGUNTA_62 INTEGER UNSIGNED NOT NULL,
PREGUNTA_63 INTEGER UNSIGNED NOT NULL,
PREGUNTA_64 INTEGER UNSIGNED NOT NULL,
FOREIGN KEY (ID_CUESTIONARIO) REFERENCES CUESTIONARIO(ID_CUESTIONARIO),
FOREIGN KEY (ID_USUARIO) REFERENCES USUARIO(ID_USUARIO),
FOREIGN KEY (PREGUNTA_1) REFERENCES CUESTIONARIO_EMPLEADORES_PREGUNTA_1(ID),
FOREIGN KEY (PREGUNTA_2) REFERENCES CUESTIONARIO_EMPLEADORES_PREGUNTA_2(ID),
FOREIGN KEY (PREGUNTA_3) REFERENCES CUESTIONARIO_EMPLEADORES_PREGUNTA_3(ID),
FOREIGN KEY (PREGUNTA_7) REFERENCES CUESTIONARIO_EMPLEADORES_PREGUNTA_7(ID),
FOREIGN KEY (PREGUNTA_8) REFERENCES CUESTIONARIO_EMPLEADORES_PREGUNTA_8(ID),
FOREIGN KEY (PREGUNTA_9) REFERENCES CUESTIONARIO_EMPLEADORES_PREGUNTA_9(ID),
FOREIGN KEY (PREGUNTA_10) REFERENCES CUESTIONARIO_EMPLEADORES_PREGUNTA_10(ID),
FOREIGN KEY (PREGUNTA_11) REFERENCES CUESTIONARIO_EMPLEADORES_PREGUNTA_11(ID),
FOREIGN KEY (PREGUNTA_12) REFERENCES CUESTIONARIO_EMPLEADORES_PREGUNTA_12(ID),
FOREIGN KEY (PREGUNTA_13) REFERENCES CUESTIONARIO_EMPLEADORES_PREGUNTA_13(ID),
FOREIGN KEY (PREGUNTA_14) REFERENCES CUESTIONARIO_EMPLEADORES_PREGUNTA_14(ID),
FOREIGN KEY (PREGUNTA_15) REFERENCES CUESTIONARIO_EMPLEADORES_PREGUNTA_15(ID),
FOREIGN KEY (PREGUNTA_16) REFERENCES CUESTIONARIO_EMPLEADORES_PREGUNTA_16(ID),
FOREIGN KEY (PREGUNTA_17) REFERENCES CUESTIONARIO_EMPLEADORES_PREGUNTA_17(ID),
FOREIGN KEY (PREGUNTA_18) REFERENCES CUESTIONARIO_EMPLEADORES_PREGUNTA_18(ID),
FOREIGN KEY (PREGUNTA_19) REFERENCES CUESTIONARIO_EMPLEADORES_PREGUNTA_19(ID),
FOREIGN KEY (PREGUNTA_20) REFERENCES CUESTIONARIO_EMPLEADORES_PREGUNTA_20(ID),
FOREIGN KEY (PREGUNTA_21) REFERENCES CUESTIONARIO_EMPLEADORES_PREGUNTA_21(ID),
FOREIGN KEY (PREGUNTA_22) REFERENCES CUESTIONARIO_EMPLEADORES_PREGUNTA_22(ID),
FOREIGN KEY (PREGUNTA_23) REFERENCES CUESTIONARIO_EMPLEADORES_PREGUNTA_23(ID),
FOREIGN KEY (PREGUNTA_24) REFERENCES CUESTIONARIO_EMPLEADORES_PREGUNTA_24(ID),
FOREIGN KEY (PREGUNTA_25) REFERENCES CUESTIONARIO_EMPLEADORES_PREGUNTA_25(ID),
FOREIGN KEY (PREGUNTA_26) REFERENCES CUESTIONARIO_EMPLEADORES_PREGUNTA_26(ID),
FOREIGN KEY (PREGUNTA_27) REFERENCES CUESTIONARIO_EMPLEADORES_PREGUNTA_27(ID),
FOREIGN KEY (PREGUNTA_28) REFERENCES CUESTIONARIO_EMPLEADORES_PREGUNTA_28(ID),
FOREIGN KEY (PREGUNTA_29) REFERENCES CUESTIONARIO_EMPLEADORES_PREGUNTA_29(ID),
FOREIGN KEY (PREGUNTA_30) REFERENCES CUESTIONARIO_EMPLEADORES_PREGUNTA_30(ID),
FOREIGN KEY (PREGUNTA_31) REFERENCES CUESTIONARIO_EMPLEADORES_PREGUNTA_31(ID),
FOREIGN KEY (PREGUNTA_32) REFERENCES CUESTIONARIO_EMPLEADORES_PREGUNTA_32(ID),
FOREIGN KEY (PREGUNTA_33) REFERENCES CUESTIONARIO_EMPLEADORES_PREGUNTA_33(ID),
FOREIGN KEY (PREGUNTA_34) REFERENCES CUESTIONARIO_EMPLEADORES_PREGUNTA_34(ID),
FOREIGN KEY (PREGUNTA_35) REFERENCES CUESTIONARIO_EMPLEADORES_PREGUNTA_35(ID),
FOREIGN KEY (PREGUNTA_36) REFERENCES CUESTIONARIO_EMPLEADORES_PREGUNTA_36(ID),
FOREIGN KEY (PREGUNTA_37) REFERENCES CUESTIONARIO_EMPLEADORES_PREGUNTA_37(ID),
FOREIGN KEY (PREGUNTA_48) REFERENCES CUESTIONARIO_EMPLEADORES_PREGUNTA_48(ID),
FOREIGN KEY (PREGUNTA_49) REFERENCES CUESTIONARIO_EMPLEADORES_PREGUNTA_49(ID),
FOREIGN KEY (PREGUNTA_50) REFERENCES CUESTIONARIO_EMPLEADORES_PREGUNTA_50(ID),
FOREIGN KEY (PREGUNTA_51) REFERENCES CUESTIONARIO_EMPLEADORES_PREGUNTA_51(ID),
FOREIGN KEY (PREGUNTA_52) REFERENCES CUESTIONARIO_EMPLEADORES_PREGUNTA_52(ID),
FOREIGN KEY (PREGUNTA_53) REFERENCES CUESTIONARIO_EMPLEADORES_PREGUNTA_53(ID),
FOREIGN KEY (PREGUNTA_54) REFERENCES CUESTIONARIO_EMPLEADORES_PREGUNTA_54(ID),
FOREIGN KEY (PREGUNTA_55) REFERENCES CUESTIONARIO_EMPLEADORES_PREGUNTA_55(ID),
FOREIGN KEY (PREGUNTA_56) REFERENCES CUESTIONARIO_EMPLEADORES_PREGUNTA_56(ID),
FOREIGN KEY (PREGUNTA_57) REFERENCES CUESTIONARIO_EMPLEADORES_PREGUNTA_57(ID),
FOREIGN KEY (PREGUNTA_58) REFERENCES CUESTIONARIO_EMPLEADORES_PREGUNTA_58(ID),
FOREIGN KEY (PREGUNTA_59) REFERENCES CUESTIONARIO_EMPLEADORES_PREGUNTA_59(ID),
FOREIGN KEY (PREGUNTA_62) REFERENCES CUESTIONARIO_EMPLEADORES_PREGUNTA_62(ID),
FOREIGN KEY (PREGUNTA_63) REFERENCES CUESTIONARIO_EMPLEADORES_PREGUNTA_63(ID),
FOREIGN KEY (PREGUNTA_64) REFERENCES CUESTIONARIO_EMPLEADORES_PREGUNTA_64(ID));

CREATE TABLE CUESTIONARIO_EMPLEADORES_PREGUNTA_1(
ID INTEGER UNSIGNED PRIMARY KEY AUTO_INCREMENT,
RESPUESTA VARCHAR(500) NOT NULL);
INSERT INTO CUESTIONARIO_EMPLEADORES_PREGUNTA_1(RESPUESTA)
VALUES
('Pública'),
('Privada'),
('Social');

CREATE TABLE CUESTIONARIO_EMPLEADORES_PREGUNTA_2(
ID INTEGER UNSIGNED PRIMARY KEY AUTO_INCREMENT,
RESPUESTA VARCHAR(500) NOT NULL);
INSERT INTO CUESTIONARIO_EMPLEADORES_PREGUNTA_2(RESPUESTA)
VALUES
('Micro. (menos de 15 empleados)'),
('Pequeña. (entre 16 y 100 empleados)'),
('Mediana. (entre 101 y 250 empleados)'),
('Grande. (más de 251 empleados)');

CREATE TABLE CUESTIONARIO_EMPLEADORES_PREGUNTA_3(
ID INTEGER UNSIGNED PRIMARY KEY AUTO_INCREMENT,
RESPUESTA VARCHAR(500) NOT NULL);
INSERT INTO CUESTIONARIO_EMPLEADORES_PREGUNTA_3(RESPUESTA)
VALUES
('Agricola, ganadero, silvícola, agroindustrial.'),
('Comercio y servicios.'),
('Educación'),
('Industria alimentaria.'),
('Industria de la construcción.'),
('Industria de la transformación.'),
('Servicios bancarios, financieros y seguros.'),
('Servicios de gobierno.'),
('Servicios de salud.'),
('Servicios profesionales y técnicos.'),
('Transporte o comunicaciones.'),
('Servicios turisticos.'),
('Otro (especifique)');

CREATE TABLE CUESTIONARIO_EMPLEADORES_PREGUNTA_7(
ID INTEGER UNSIGNED PRIMARY KEY AUTO_INCREMENT,
RESPUESTA VARCHAR(500) NOT NULL);
INSERT INTO CUESTIONARIO_EMPLEADORES_PREGUNTA_7(RESPUESTA)
VALUES
('ESCUELA 1'),
('ESCUELA 2'),
('ESCUELA 3'),
('ESCUELA 4'),
('ESCUELA 5'),
('ESCUELA 6'),
('ESCUELA 7'),
('ESCUELA 8');

CREATE TABLE CUESTIONARIO_EMPLEADORES_PREGUNTA_8(
ID INTEGER UNSIGNED PRIMARY KEY AUTO_INCREMENT,
RESPUESTA VARCHAR(500) NOT NULL);
INSERT INTO CUESTIONARIO_EMPLEADORES_PREGUNTA_8(RESPUESTA)
VALUES
('Totalmente'),
('Mucho'),
('Poco'),
('Nada');

CREATE TABLE CUESTIONARIO_EMPLEADORES_PREGUNTA_9(
ID INTEGER UNSIGNED PRIMARY KEY AUTO_INCREMENT,
RESPUESTA VARCHAR(500) NOT NULL);
INSERT INTO CUESTIONARIO_EMPLEADORES_PREGUNTA_9(RESPUESTA)
VALUES
('Totalmente'),
('Mucho'),
('Poco'),
('Nada');

CREATE TABLE CUESTIONARIO_EMPLEADORES_PREGUNTA_10(
ID INTEGER UNSIGNED PRIMARY KEY AUTO_INCREMENT,
RESPUESTA VARCHAR(500) NOT NULL);
INSERT INTO CUESTIONARIO_EMPLEADORES_PREGUNTA_10(RESPUESTA)
VALUES
('Totalmente'),
('Mucho'),
('Poco'),
('Nada');

CREATE TABLE CUESTIONARIO_EMPLEADORES_PREGUNTA_11(
ID INTEGER UNSIGNED PRIMARY KEY AUTO_INCREMENT,
RESPUESTA VARCHAR(500) NOT NULL);
INSERT INTO CUESTIONARIO_EMPLEADORES_PREGUNTA_11(RESPUESTA)
VALUES
('Totalmente'),
('Mucho'),
('Poco'),
('Nada');

CREATE TABLE CUESTIONARIO_EMPLEADORES_PREGUNTA_12(
ID INTEGER UNSIGNED PRIMARY KEY AUTO_INCREMENT,
RESPUESTA VARCHAR(500) NOT NULL);
INSERT INTO CUESTIONARIO_EMPLEADORES_PREGUNTA_12(RESPUESTA)
VALUES
('Totalmente'),
('Mucho'),
('Poco'),
('Nada');

CREATE TABLE CUESTIONARIO_EMPLEADORES_PREGUNTA_13(
ID INTEGER UNSIGNED PRIMARY KEY AUTO_INCREMENT,
RESPUESTA VARCHAR(500) NOT NULL);
INSERT INTO CUESTIONARIO_EMPLEADORES_PREGUNTA_13(RESPUESTA)
VALUES
('Totalmente'),
('Mucho'),
('Poco'),
('Nada');

CREATE TABLE CUESTIONARIO_EMPLEADORES_PREGUNTA_14(
ID INTEGER UNSIGNED PRIMARY KEY AUTO_INCREMENT,
RESPUESTA VARCHAR(500) NOT NULL);
INSERT INTO CUESTIONARIO_EMPLEADORES_PREGUNTA_14(RESPUESTA)
VALUES
('Totalmente'),
('Mucho'),
('Poco'),
('Nada');

CREATE TABLE CUESTIONARIO_EMPLEADORES_PREGUNTA_15(
ID INTEGER UNSIGNED PRIMARY KEY AUTO_INCREMENT,
RESPUESTA VARCHAR(500) NOT NULL);
INSERT INTO CUESTIONARIO_EMPLEADORES_PREGUNTA_15(RESPUESTA)
VALUES
('Totalmente'),
('Mucho'),
('Poco'),
('Nada');

CREATE TABLE CUESTIONARIO_EMPLEADORES_PREGUNTA_16(
ID INTEGER UNSIGNED PRIMARY KEY AUTO_INCREMENT,
RESPUESTA VARCHAR(500) NOT NULL);
INSERT INTO CUESTIONARIO_EMPLEADORES_PREGUNTA_16(RESPUESTA)
VALUES
('Totalmente'),
('Mucho'),
('Poco'),
('Nada');

CREATE TABLE CUESTIONARIO_EMPLEADORES_PREGUNTA_17(
ID INTEGER UNSIGNED PRIMARY KEY AUTO_INCREMENT,
RESPUESTA VARCHAR(500) NOT NULL);
INSERT INTO CUESTIONARIO_EMPLEADORES_PREGUNTA_17(RESPUESTA)
VALUES
('Totalmente'),
('Mucho'),
('Poco'),
('Nada');

CREATE TABLE CUESTIONARIO_EMPLEADORES_PREGUNTA_18(
ID INTEGER UNSIGNED PRIMARY KEY AUTO_INCREMENT,
RESPUESTA VARCHAR(500) NOT NULL);
INSERT INTO CUESTIONARIO_EMPLEADORES_PREGUNTA_18(RESPUESTA)
VALUES
('Totalmente'),
('Mucho'),
('Poco'),
('Nada');

CREATE TABLE CUESTIONARIO_EMPLEADORES_PREGUNTA_19(
ID INTEGER UNSIGNED PRIMARY KEY AUTO_INCREMENT,
RESPUESTA VARCHAR(500) NOT NULL);
INSERT INTO CUESTIONARIO_EMPLEADORES_PREGUNTA_19(RESPUESTA)
VALUES
('Totalmente'),
('Mucho'),
('Poco'),
('Nada');

CREATE TABLE CUESTIONARIO_EMPLEADORES_PREGUNTA_20(
ID INTEGER UNSIGNED PRIMARY KEY AUTO_INCREMENT,
RESPUESTA VARCHAR(500) NOT NULL);
INSERT INTO CUESTIONARIO_EMPLEADORES_PREGUNTA_20(RESPUESTA)
VALUES
('Totalmente'),
('Mucho'),
('Poco'),
('Nada');

CREATE TABLE CUESTIONARIO_EMPLEADORES_PREGUNTA_21(
ID INTEGER UNSIGNED PRIMARY KEY AUTO_INCREMENT,
RESPUESTA VARCHAR(500) NOT NULL);
INSERT INTO CUESTIONARIO_EMPLEADORES_PREGUNTA_21(RESPUESTA)
VALUES
('Totalmente'),
('Mucho'),
('Poco'),
('Nada');

CREATE TABLE CUESTIONARIO_EMPLEADORES_PREGUNTA_22(
ID INTEGER UNSIGNED PRIMARY KEY AUTO_INCREMENT,
RESPUESTA VARCHAR(500) NOT NULL);
INSERT INTO CUESTIONARIO_EMPLEADORES_PREGUNTA_22(RESPUESTA)
VALUES
('Totalmente'),
('Mucho'),
('Poco'),
('Nada');

CREATE TABLE CUESTIONARIO_EMPLEADORES_PREGUNTA_23(
ID INTEGER UNSIGNED PRIMARY KEY AUTO_INCREMENT,
RESPUESTA VARCHAR(500) NOT NULL);
INSERT INTO CUESTIONARIO_EMPLEADORES_PREGUNTA_23(RESPUESTA)
VALUES
('Excelente'),
('Bueno'),
('Regular'),
('Malo');

CREATE TABLE CUESTIONARIO_EMPLEADORES_PREGUNTA_24(
ID INTEGER UNSIGNED PRIMARY KEY AUTO_INCREMENT,
RESPUESTA VARCHAR(500) NOT NULL);
INSERT INTO CUESTIONARIO_EMPLEADORES_PREGUNTA_24(RESPUESTA)
VALUES
('Excelente'),
('Bueno'),
('Regular'),
('Malo');

CREATE TABLE CUESTIONARIO_EMPLEADORES_PREGUNTA_25(
ID INTEGER UNSIGNED PRIMARY KEY AUTO_INCREMENT,
RESPUESTA VARCHAR(500) NOT NULL);
INSERT INTO CUESTIONARIO_EMPLEADORES_PREGUNTA_25(RESPUESTA)
VALUES
('Excelente'),
('Bueno'),
('Regular'),
('Malo');

CREATE TABLE CUESTIONARIO_EMPLEADORES_PREGUNTA_26(
ID INTEGER UNSIGNED PRIMARY KEY AUTO_INCREMENT,
RESPUESTA VARCHAR(500) NOT NULL);
INSERT INTO CUESTIONARIO_EMPLEADORES_PREGUNTA_26(RESPUESTA)
VALUES
('Excelente'),
('Bueno'),
('Regular'),
('Malo');

CREATE TABLE CUESTIONARIO_EMPLEADORES_PREGUNTA_27(
ID INTEGER UNSIGNED PRIMARY KEY AUTO_INCREMENT,
RESPUESTA VARCHAR(500) NOT NULL);
INSERT INTO CUESTIONARIO_EMPLEADORES_PREGUNTA_27(RESPUESTA)
VALUES
('Excelente'),
('Bueno'),
('Regular'),
('Malo');

CREATE TABLE CUESTIONARIO_EMPLEADORES_PREGUNTA_28(
ID INTEGER UNSIGNED PRIMARY KEY AUTO_INCREMENT,
RESPUESTA VARCHAR(500) NOT NULL);
INSERT INTO CUESTIONARIO_EMPLEADORES_PREGUNTA_28(RESPUESTA)
VALUES
('Excelente'),
('Bueno'),
('Regular'),
('Malo');

CREATE TABLE CUESTIONARIO_EMPLEADORES_PREGUNTA_29(
ID INTEGER UNSIGNED PRIMARY KEY AUTO_INCREMENT,
RESPUESTA VARCHAR(500) NOT NULL);
INSERT INTO CUESTIONARIO_EMPLEADORES_PREGUNTA_29(RESPUESTA)
VALUES
('Excelente'),
('Bueno'),
('Regular'),
('Malo');

CREATE TABLE CUESTIONARIO_EMPLEADORES_PREGUNTA_30(
ID INTEGER UNSIGNED PRIMARY KEY AUTO_INCREMENT,
RESPUESTA VARCHAR(500) NOT NULL);
INSERT INTO CUESTIONARIO_EMPLEADORES_PREGUNTA_30(RESPUESTA)
VALUES
('Excelente'),
('Bueno'),
('Regular'),
('Malo');

CREATE TABLE CUESTIONARIO_EMPLEADORES_PREGUNTA_31(
ID INTEGER UNSIGNED PRIMARY KEY AUTO_INCREMENT,
RESPUESTA VARCHAR(500) NOT NULL);
INSERT INTO CUESTIONARIO_EMPLEADORES_PREGUNTA_31(RESPUESTA)
VALUES
('Excelente'),
('Bueno'),
('Regular'),
('Malo');

CREATE TABLE CUESTIONARIO_EMPLEADORES_PREGUNTA_32(
ID INTEGER UNSIGNED PRIMARY KEY AUTO_INCREMENT,
RESPUESTA VARCHAR(500) NOT NULL);
INSERT INTO CUESTIONARIO_EMPLEADORES_PREGUNTA_32(RESPUESTA)
VALUES
('Excelente'),
('Bueno'),
('Regular'),
('Malo');

CREATE TABLE CUESTIONARIO_EMPLEADORES_PREGUNTA_33(
ID INTEGER UNSIGNED PRIMARY KEY AUTO_INCREMENT,
RESPUESTA VARCHAR(500) NOT NULL);
INSERT INTO CUESTIONARIO_EMPLEADORES_PREGUNTA_33(RESPUESTA)
VALUES
('Excelente'),
('Bueno'),
('Regular'),
('Malo');

CREATE TABLE CUESTIONARIO_EMPLEADORES_PREGUNTA_34(
ID INTEGER UNSIGNED PRIMARY KEY AUTO_INCREMENT,
RESPUESTA VARCHAR(500) NOT NULL);
INSERT INTO CUESTIONARIO_EMPLEADORES_PREGUNTA_34(RESPUESTA)
VALUES
('Excelente'),
('Bueno'),
('Regular'),
('Malo');

CREATE TABLE CUESTIONARIO_EMPLEADORES_PREGUNTA_35(
ID INTEGER UNSIGNED PRIMARY KEY AUTO_INCREMENT,
RESPUESTA VARCHAR(500) NOT NULL);
INSERT INTO CUESTIONARIO_EMPLEADORES_PREGUNTA_35(RESPUESTA)
VALUES
('Excelente'),
('Bueno'),
('Regular'),
('Malo');

CREATE TABLE CUESTIONARIO_EMPLEADORES_PREGUNTA_36(
ID INTEGER UNSIGNED PRIMARY KEY AUTO_INCREMENT,
RESPUESTA VARCHAR(500) NOT NULL);
INSERT INTO CUESTIONARIO_EMPLEADORES_PREGUNTA_36(RESPUESTA)
VALUES
('Excelente'),
('Bueno'),
('Regular'),
('Malo');

CREATE TABLE CUESTIONARIO_EMPLEADORES_PREGUNTA_37(
ID INTEGER UNSIGNED PRIMARY KEY AUTO_INCREMENT,
RESPUESTA VARCHAR(500) NOT NULL);
INSERT INTO CUESTIONARIO_EMPLEADORES_PREGUNTA_37(RESPUESTA)
VALUES
('Excelente'),
('Bueno'),
('Regular'),
('Malo');

CREATE TABLE CUESTIONARIO_EMPLEADORES_PREGUNTA_48(
ID INTEGER UNSIGNED PRIMARY KEY AUTO_INCREMENT,
RESPUESTA VARCHAR(500) NOT NULL);
INSERT INTO CUESTIONARIO_EMPLEADORES_PREGUNTA_48(RESPUESTA)
VALUES
('Dueño o socio de una empresa'),
('Director General / Funcionario Directivo'),
('Gerente General / Gerente de Área'),
('Subgerente / Subdirector de área'),
('Coordinador'),
('Jefe de departamento'),;
('Jefe de oficina / sección / área'),
('Ejecutivo de cuenta'),
('Empleado profesional'),
('Supervisor'),
('Analista especializado'),
('Vendedor en establecimiento'),
('Asistente'),
('Ayudante'),
('Auxiliar'),
('Otro (especifique)');

CREATE TABLE CUESTIONARIO_EMPLEADORES_PREGUNTA_49(
ID INTEGER UNSIGNED PRIMARY KEY AUTO_INCREMENT,
RESPUESTA VARCHAR(500) NOT NULL);
INSERT INTO CUESTIONARIO_EMPLEADORES_PREGUNTA_49(RESPUESTA)
VALUES
('Ampliar'),
('Mantener'),
('Reducir');

CREATE TABLE CUESTIONARIO_EMPLEADORES_PREGUNTA_50(
ID INTEGER UNSIGNED PRIMARY KEY AUTO_INCREMENT,
RESPUESTA VARCHAR(500) NOT NULL);
INSERT INTO CUESTIONARIO_EMPLEADORES_PREGUNTA_50(RESPUESTA)
VALUES
('Ampliar'),
('Mantener'),
('Reducir');

CREATE TABLE CUESTIONARIO_EMPLEADORES_PREGUNTA_51(
ID INTEGER UNSIGNED PRIMARY KEY AUTO_INCREMENT,
RESPUESTA VARCHAR(500) NOT NULL);
INSERT INTO CUESTIONARIO_EMPLEADORES_PREGUNTA_51(RESPUESTA)
VALUES
('Ampliar'),
('Mantener'),
('Reducir');

CREATE TABLE CUESTIONARIO_EMPLEADORES_PREGUNTA_52(
ID INTEGER UNSIGNED PRIMARY KEY AUTO_INCREMENT,
RESPUESTA VARCHAR(500) NOT NULL);
INSERT INTO CUESTIONARIO_EMPLEADORES_PREGUNTA_52(RESPUESTA)
VALUES
('Ampliar'),
('Mantener'),
('Reducir');

CREATE TABLE CUESTIONARIO_EMPLEADORES_PREGUNTA_53(
ID INTEGER UNSIGNED PRIMARY KEY AUTO_INCREMENT,
RESPUESTA VARCHAR(500) NOT NULL);
INSERT INTO CUESTIONARIO_EMPLEADORES_PREGUNTA_53(RESPUESTA)
VALUES
('Ampliar'),
('Mantener'),
('Reducir');

CREATE TABLE CUESTIONARIO_EMPLEADORES_PREGUNTA_54(
ID INTEGER UNSIGNED PRIMARY KEY AUTO_INCREMENT,
RESPUESTA VARCHAR(500) NOT NULL);
INSERT INTO CUESTIONARIO_EMPLEADORES_PREGUNTA_54(RESPUESTA)
VALUES
('Ampliar'),
('Mantener'),
('Reducir');

CREATE TABLE CUESTIONARIO_EMPLEADORES_PREGUNTA_55(
ID INTEGER UNSIGNED PRIMARY KEY AUTO_INCREMENT,
RESPUESTA VARCHAR(500) NOT NULL);
INSERT INTO CUESTIONARIO_EMPLEADORES_PREGUNTA_55(RESPUESTA)
VALUES
('Ampliar'),
('Mantener'),
('Reducir');

CREATE TABLE CUESTIONARIO_EMPLEADORES_PREGUNTA_56(
ID INTEGER UNSIGNED PRIMARY KEY AUTO_INCREMENT,
RESPUESTA VARCHAR(500) NOT NULL);
INSERT INTO CUESTIONARIO_EMPLEADORES_PREGUNTA_56(RESPUESTA)
VALUES
('Ampliar'),
('Mantener'),
('Reducir');

CREATE TABLE CUESTIONARIO_EMPLEADORES_PREGUNTA_57(
ID INTEGER UNSIGNED PRIMARY KEY AUTO_INCREMENT,
RESPUESTA VARCHAR(500) NOT NULL);
INSERT INTO CUESTIONARIO_EMPLEADORES_PREGUNTA_57(RESPUESTA)
VALUES
('Excelente'),
('Bueno'),
('Regular'),
('Malo');

CREATE TABLE CUESTIONARIO_EMPLEADORES_PREGUNTA_58(
ID INTEGER UNSIGNED PRIMARY KEY AUTO_INCREMENT,
RESPUESTA VARCHAR(500) NOT NULL);
INSERT INTO CUESTIONARIO_EMPLEADORES_PREGUNTA_58(RESPUESTA)
VALUES
('Superior'),
('Igual'),
('Muy diferente');

CREATE TABLE CUESTIONARIO_EMPLEADORES_PREGUNTA_59(
ID INTEGER UNSIGNED PRIMARY KEY AUTO_INCREMENT,
RESPUESTA VARCHAR(500) NOT NULL);
INSERT INTO CUESTIONARIO_EMPLEADORES_PREGUNTA_59(RESPUESTA)
VALUES
('Menos de 1 año'),
('De 1 a 5 años'),
('De 6 a 10 años'),
('Más de 10 años');

CREATE TABLE CUESTIONARIO_EMPLEADORES_PREGUNTA_62(
ID INTEGER UNSIGNED PRIMARY KEY AUTO_INCREMENT,
RESPUESTA VARCHAR(500) NOT NULL);
INSERT INTO CUESTIONARIO_EMPLEADORES_PREGUNTA_62(RESPUESTA)
VALUES
('Sí'),
('No');

CREATE TABLE CUESTIONARIO_EMPLEADORES_PREGUNTA_63(
ID INTEGER UNSIGNED PRIMARY KEY AUTO_INCREMENT,
RESPUESTA VARCHAR(500) NOT NULL);
INSERT INTO CUESTIONARIO_EMPLEADORES_PREGUNTA_63(RESPUESTA)
VALUES
('Sí'),
('No');

CREATE TABLE CUESTIONARIO_EMPLEADORES_PREGUNTA_64(
ID INTEGER UNSIGNED PRIMARY KEY AUTO_INCREMENT,
RESPUESTA VARCHAR(500) NOT NULL);
INSERT INTO CUESTIONARIO_EMPLEADORES_PREGUNTA_64(RESPUESTA)
VALUES
('Sí'),
('No');