
-- EJEMPLO DE INSERTO DE DATOS --
/*INSERT INTO CUESTIONARIO_TRANSVERSAL(ID_CUESTIONARIO, ID_USUARIO, PREGUNTA_1, PREGUNTA_2, PREGUNTA_3, PREGUNTA_4, PREGUNTA_5, PREGUNTA_6, PREGUNTA_7, PREGUNTA_8, PREGUNTA_9, PREGUNTA_10, PREGUNTA_11, PREGUNTA_12, PREGUNTA_13, PREGUNTA_14, PREGUNTA_15, PREGUNTA_16, PREGUNTA_17, PREGUNTA_18, PREGUNTA_19, PREGUNTA_20, PREGUNTA_21, PREGUNTA_22, PREGUNTA_23, PREGUNTA_24, PREGUNTA_25, PREGUNTA_26, PREGUNTA_27, PREGUNTA_28, PREGUNTA_29, PREGUNTA_30, PREGUNTA_31, PREGUNTA_32, PREGUNTA_33, PREGUNTA_34, PREGUNTA_35, PREGUNTA_36, PREGUNTA_37, PREGUNTA_38, PREGUNTA_39)
VALUES(3, 1, 1, 1, 1, 2, 1, 1, 1, 1, 1, 1, 1, 1, "CONDUENT", "RICARDO", 1, 1, 2, 2, 1, 1, 1, 1, 1, 1, 1, 1, 1, 1, 1, 1, 1, 1, 1, 2, 1, 2, 1, 2, 1)*/


-- QUERY PARA EXTRAER DATOS --
/*SELECT E.NOMBRE, E.APELLIDO1, E.APELLIDO2, B.RESPUESTA AS PREGUNTA_1, C.RESPUESTA, D.RESPUESTA 
FROM CUESTIONARIO_TRANSVERSAL AS A
JOIN CUESTIONARIO_TRANSEVRSAL_PREGUNTA_1 AS B ON A.PREGUNTA_1 = B.ID
JOIN CUESTIONARIO_TRANSEVRSAL_PREGUNTA_2 AS C ON A.PREGUNTA_2 = C.ID
JOIN CUESTIONARIO_TRANSEVRSAL_PREGUNTA_3 AS D ON A.PREGUNTA_3 = D.ID
JOIN USUARIO AS E ON A.ID_USUARIO = E.ID_USUARIO */


CREATE TABLE CUESTIONARIO_TRANSVERSAL(
ID_CUESTIONARIO INTEGER UNSIGNED PRIMARY KEY AUTO_INCREMENT,
ID_CUESTIONARIO INTEGER UNSIGNED NOT NULL,
ID_USUARIO INTEGER UNSIGNED NOT NULL,
PREGUNTA_1 INTEGER UNSIGNED NOT NULL,
PREGUNTA_2 INTEGER UNSIGNED NOT NULL,
PREGUNTA_3 INTEGER UNSIGNED NOT NULL,
PREGUNTA_4 INTEGER UNSIGNED NOT NULL,
PREGUNTA_5 INTEGER UNSIGNED NOT NULL,
PREGUNTA_6 INTEGER UNSIGNED NOT NULL,
PREGUNTA_7 INTEGER UNSIGNED NOT NULL,
PREGUNTA_8 INTEGER UNSIGNED NOT NULL,
PREGUNTA_9 INTEGER UNSIGNED NOT NULL,
PREGUNTA_10 INTEGER UNSIGNED NOT NULL,
PREGUNTA_11 INTEGER UNSIGNED NOT NULL,
PREGUNTA_12 INTEGER UNSIGNED NOT NULL,
PREGUNTA_13 VARCHAR(500) NOT NULL,
PREGUNTA_14 VARCHAR(500) NOT NULL,
PREGUNTA_15 INTEGER UNSIGNED NOT NULL,
PREGUNTA_16 INTEGER UNSIGNED NOT NULL,
PREGUNTA_17 INTEGER UNSIGNED NOT NULL,
PREGUNTA_18 INTEGER UNSIGNED NOT NULL,
PREGUNTA_19 INTEGER UNSIGNED NOT NULL,
PREGUNTA_20 INTEGER UNSIGNED NOT NULL,
PREGUNTA_21 INTEGER UNSIGNED NOT NULL,
PREGUNTA_22 INTEGER UNSIGNED NOT NULL,
PREGUNTA_23 INTEGER UNSIGNED NOT NULL,
PREGUNTA_24 INTEGER UNSIGNED NOT NULL,
PREGUNTA_25 INTEGER UNSIGNED NOT NULL,
PREGUNTA_26 INTEGER UNSIGNED NOT NULL,
PREGUNTA_27 INTEGER UNSIGNED NOT NULL,
PREGUNTA_28 INTEGER UNSIGNED NOT NULL,
PREGUNTA_29 INTEGER UNSIGNED NOT NULL,
PREGUNTA_30 INTEGER UNSIGNED NOT NULL,
PREGUNTA_31 INTEGER UNSIGNED NOT NULL,
PREGUNTA_32 INTEGER UNSIGNED NOT NULL,
PREGUNTA_33 INTEGER UNSIGNED NOT NULL,
PREGUNTA_34 INTEGER UNSIGNED NOT NULL,
PREGUNTA_35 INTEGER UNSIGNED NOT NULL,
PREGUNTA_36 INTEGER UNSIGNED NOT NULL,
PREGUNTA_37 INTEGER UNSIGNED NOT NULL,
PREGUNTA_38 INTEGER UNSIGNED NOT NULL,
PREGUNTA_39 INTEGER UNSIGNED NOT NULL,
FOREIGN KEY (ID_CUESTIONARIO) REFERENCES CUESTIONARIO(ID_CUESTIONARIO),
FOREIGN KEY (ID_USUARIO) REFERENCES USUARIO(ID_USUARIO),
FOREIGN KEY (PREGUNTA_1) REFERENCES CUESTIONARIO_TRANSEVRSAL_PREGUNTA_1(ID),
FOREIGN KEY (PREGUNTA_2) REFERENCES CUESTIONARIO_TRANSEVRSAL_PREGUNTA_2(ID),
FOREIGN KEY (PREGUNTA_3) REFERENCES CUESTIONARIO_TRANSEVRSAL_PREGUNTA_3(ID),
FOREIGN KEY (PREGUNTA_4) REFERENCES CUESTIONARIO_TRANSEVRSAL_PREGUNTA_4(ID),
FOREIGN KEY (PREGUNTA_5) REFERENCES CUESTIONARIO_TRANSEVRSAL_PREGUNTA_5(ID),
FOREIGN KEY (PREGUNTA_6) REFERENCES CUESTIONARIO_TRANSEVRSAL_PREGUNTA_6(ID),
FOREIGN KEY (PREGUNTA_7) REFERENCES CUESTIONARIO_TRANSEVRSAL_PREGUNTA_7(ID),
FOREIGN KEY (PREGUNTA_8) REFERENCES CUESTIONARIO_TRANSEVRSAL_PREGUNTA_8(ID),
FOREIGN KEY (PREGUNTA_9) REFERENCES CUESTIONARIO_TRANSEVRSAL_PREGUNTA_9(ID),
FOREIGN KEY (PREGUNTA_10) REFERENCES CUESTIONARIO_TRANSEVRSAL_PREGUNTA_10(ID),
FOREIGN KEY (PREGUNTA_11) REFERENCES CUESTIONARIO_TRANSEVRSAL_PREGUNTA_11(ID),
FOREIGN KEY (PREGUNTA_12) REFERENCES CUESTIONARIO_TRANSEVRSAL_PREGUNTA_12(ID),
FOREIGN KEY (PREGUNTA_15) REFERENCES CUESTIONARIO_TRANSEVRSAL_PREGUNTA_15(ID),
FOREIGN KEY (PREGUNTA_16) REFERENCES CUESTIONARIO_TRANSEVRSAL_PREGUNTA_16(ID),
FOREIGN KEY (PREGUNTA_17) REFERENCES CUESTIONARIO_TRANSEVRSAL_PREGUNTA_17(ID),
FOREIGN KEY (PREGUNTA_18) REFERENCES CUESTIONARIO_TRANSEVRSAL_PREGUNTA_18(ID),
FOREIGN KEY (PREGUNTA_19) REFERENCES CUESTIONARIO_TRANSEVRSAL_PREGUNTA_19(ID),
FOREIGN KEY (PREGUNTA_20) REFERENCES CUESTIONARIO_TRANSEVRSAL_PREGUNTA_20(ID),
FOREIGN KEY (PREGUNTA_21) REFERENCES CUESTIONARIO_TRANSEVRSAL_PREGUNTA_21(ID),
FOREIGN KEY (PREGUNTA_22) REFERENCES CUESTIONARIO_TRANSEVRSAL_PREGUNTA_22(ID),
FOREIGN KEY (PREGUNTA_23) REFERENCES CUESTIONARIO_TRANSEVRSAL_PREGUNTA_23(ID),
FOREIGN KEY (PREGUNTA_24) REFERENCES CUESTIONARIO_TRANSEVRSAL_PREGUNTA_24(ID),
FOREIGN KEY (PREGUNTA_25) REFERENCES CUESTIONARIO_TRANSEVRSAL_PREGUNTA_25(ID),
FOREIGN KEY (PREGUNTA_26) REFERENCES CUESTIONARIO_TRANSEVRSAL_PREGUNTA_26(ID),
FOREIGN KEY (PREGUNTA_27) REFERENCES CUESTIONARIO_TRANSEVRSAL_PREGUNTA_27(ID),
FOREIGN KEY (PREGUNTA_28) REFERENCES CUESTIONARIO_TRANSEVRSAL_PREGUNTA_28(ID),
FOREIGN KEY (PREGUNTA_29) REFERENCES CUESTIONARIO_TRANSEVRSAL_PREGUNTA_29(ID),
FOREIGN KEY (PREGUNTA_30) REFERENCES CUESTIONARIO_TRANSEVRSAL_PREGUNTA_30(ID),
FOREIGN KEY (PREGUNTA_31) REFERENCES CUESTIONARIO_TRANSEVRSAL_PREGUNTA_31(ID),
FOREIGN KEY (PREGUNTA_32) REFERENCES CUESTIONARIO_TRANSEVRSAL_PREGUNTA_32(ID),
FOREIGN KEY (PREGUNTA_33) REFERENCES CUESTIONARIO_TRANSEVRSAL_PREGUNTA_33(ID),
FOREIGN KEY (PREGUNTA_34) REFERENCES CUESTIONARIO_TRANSEVRSAL_PREGUNTA_34(ID),
FOREIGN KEY (PREGUNTA_35) REFERENCES CUESTIONARIO_TRANSEVRSAL_PREGUNTA_35(ID),
FOREIGN KEY (PREGUNTA_36) REFERENCES CUESTIONARIO_TRANSEVRSAL_PREGUNTA_36(ID),
FOREIGN KEY (PREGUNTA_37) REFERENCES CUESTIONARIO_TRANSEVRSAL_PREGUNTA_37(ID),
FOREIGN KEY (PREGUNTA_38) REFERENCES CUESTIONARIO_TRANSEVRSAL_PREGUNTA_38(ID),
FOREIGN KEY (PREGUNTA_39) REFERENCES CUESTIONARIO_TRANSEVRSAL_PREGUNTA_39(ID));



CREATE TABLE CUESTIONARIO_TRANSEVRSAL_PREGUNTA_1(
ID INTEGER UNSIGNED PRIMARY KEY AUTO_INCREMENT,
RESPUESTA VARCHAR(50) NOT NULL);
INSERT INTO CUESTIONARIO_TRANSEVRSAL_PREGUNTA_1(RESPUESTA)
VALUES('Sí');
INSERT INTO CUESTIONARIO_TRANSEVRSAL_PREGUNTA_1(RESPUESTA)
VALUES('No');

CREATE TABLE CUESTIONARIO_TRANSEVRSAL_PREGUNTA_2(
ID INTEGER UNSIGNED PRIMARY KEY AUTO_INCREMENT,
RESPUESTA VARCHAR(300) NOT NULL);
INSERT INTO CUESTIONARIO_TRANSEVRSAL_PREGUNTA_2(RESPUESTA)
VALUES('El mercado laboral está saturado');
INSERT INTO CUESTIONARIO_TRANSEVRSAL_PREGUNTA_2(RESPUESTA)
VALUES('Remuneración por debajo de mis expectativas');
INSERT INTO CUESTIONARIO_TRANSEVRSAL_PREGUNTA_2(RESPUESTA)
VALUES('Por cuestiones personales');
INSERT INTO CUESTIONARIO_TRANSEVRSAL_PREGUNTA_2(RESPUESTA)
VALUES('Falta de oferta laboral en mi área de estudio');
INSERT INTO CUESTIONARIO_TRANSEVRSAL_PREGUNTA_2(RESPUESTA)
VALUES('No estar titulado (a)/ falta de cedula profesional');
INSERT INTO CUESTIONARIO_TRANSEVRSAL_PREGUNTA_2(RESPUESTA)
VALUES('Cuestiones de salud');
INSERT INTO CUESTIONARIO_TRANSEVRSAL_PREGUNTA_2(RESPUESTA)
VALUES('No necesito trabaja');
INSERT INTO CUESTIONARIO_TRANSEVRSAL_PREGUNTA_2(RESPUESTA)
VALUES('Alta de experiencia en el perfil de puesto');
INSERT INTO CUESTIONARIO_TRANSEVRSAL_PREGUNTA_2(RESPUESTA)
VALUES('Por continuar estudiando');
INSERT INTO CUESTIONARIO_TRANSEVRSAL_PREGUNTA_2(RESPUESTA)
VALUES('Otro');

CREATE TABLE CUESTIONARIO_TRANSEVRSAL_PREGUNTA_3(
ID INTEGER UNSIGNED PRIMARY KEY AUTO_INCREMENT,
RESPUESTA VARCHAR(300) NOT NULL);
INSERT INTO CUESTIONARIO_TRANSEVRSAL_PREGUNTA_3(RESPUESTA)
VALUES('0%');
INSERT INTO CUESTIONARIO_TRANSEVRSAL_PREGUNTA_3(RESPUESTA)
VALUES('25%');
INSERT INTO CUESTIONARIO_TRANSEVRSAL_PREGUNTA_3(RESPUESTA)
VALUES('50%');
INSERT INTO CUESTIONARIO_TRANSEVRSAL_PREGUNTA_3(RESPUESTA)
VALUES('75%');
INSERT INTO CUESTIONARIO_TRANSEVRSAL_PREGUNTA_3(RESPUESTA)
VALUES('100%');

CREATE TABLE CUESTIONARIO_TRANSEVRSAL_PREGUNTA_4(
ID INTEGER UNSIGNED PRIMARY KEY AUTO_INCREMENT,
RESPUESTA VARCHAR(300) NOT NULL);
INSERT INTO CUESTIONARIO_TRANSEVRSAL_PREGUNTA_4(RESPUESTA)
VALUES('Sí');
INSERT INTO CUESTIONARIO_TRANSEVRSAL_PREGUNTA_4(RESPUESTA)
VALUES('No');

CREATE TABLE CUESTIONARIO_TRANSEVRSAL_PREGUNTA_5(
ID INTEGER UNSIGNED PRIMARY KEY AUTO_INCREMENT,
RESPUESTA VARCHAR(300) NOT NULL);
INSERT INTO CUESTIONARIO_TRANSEVRSAL_PREGUNTA_5(RESPUESTA)
VALUES('1');
INSERT INTO CUESTIONARIO_TRANSEVRSAL_PREGUNTA_5(RESPUESTA)
VALUES('2');
INSERT INTO CUESTIONARIO_TRANSEVRSAL_PREGUNTA_5(RESPUESTA)
VALUES('3');
INSERT INTO CUESTIONARIO_TRANSEVRSAL_PREGUNTA_5(RESPUESTA)
VALUES('4');
INSERT INTO CUESTIONARIO_TRANSEVRSAL_PREGUNTA_5(RESPUESTA)
VALUES('5 o más');

CREATE TABLE CUESTIONARIO_TRANSEVRSAL_PREGUNTA_6(
ID INTEGER UNSIGNED PRIMARY KEY AUTO_INCREMENT,
RESPUESTA VARCHAR(300) NOT NULL);
INSERT INTO CUESTIONARIO_TRANSEVRSAL_PREGUNTA_6(RESPUESTA)
VALUES('Mejoró');
INSERT INTO CUESTIONARIO_TRANSEVRSAL_PREGUNTA_6(RESPUESTA)
VALUES('Empeoró');
INSERT INTO CUESTIONARIO_TRANSEVRSAL_PREGUNTA_6(RESPUESTA)
VALUES('Permaneció igual');

CREATE TABLE CUESTIONARIO_TRANSEVRSAL_PREGUNTA_7(
ID INTEGER UNSIGNED PRIMARY KEY AUTO_INCREMENT,
RESPUESTA VARCHAR(300) NOT NULL);
INSERT INTO CUESTIONARIO_TRANSEVRSAL_PREGUNTA_7(RESPUESTA)
VALUES('Mejoró');
INSERT INTO CUESTIONARIO_TRANSEVRSAL_PREGUNTA_7(RESPUESTA)
VALUES('Empeoró');
INSERT INTO CUESTIONARIO_TRANSEVRSAL_PREGUNTA_7(RESPUESTA)
VALUES('Permaneció igual');

CREATE TABLE CUESTIONARIO_TRANSEVRSAL_PREGUNTA_8(
ID INTEGER UNSIGNED PRIMARY KEY AUTO_INCREMENT,
RESPUESTA VARCHAR(300) NOT NULL);
INSERT INTO CUESTIONARIO_TRANSEVRSAL_PREGUNTA_8(RESPUESTA)
VALUES('Empleado antes de egresar');
INSERT INTO CUESTIONARIO_TRANSEVRSAL_PREGUNTA_8(RESPUESTA)
VALUES('Menos de 6 meses de egresar');
INSERT INTO CUESTIONARIO_TRANSEVRSAL_PREGUNTA_8(RESPUESTA)
VALUES('De 6 meses a 1 año de egreso');
INSERT INTO CUESTIONARIO_TRANSEVRSAL_PREGUNTA_8(RESPUESTA)
VALUES('Más de 1 año de egreso');

CREATE TABLE CUESTIONARIO_TRANSEVRSAL_PREGUNTA_9(
ID INTEGER UNSIGNED PRIMARY KEY AUTO_INCREMENT,
RESPUESTA VARCHAR(300) NOT NULL);
INSERT INTO CUESTIONARIO_TRANSEVRSAL_PREGUNTA_9(RESPUESTA)
VALUES('Falta de vacantes en mi área de estudio');
INSERT INTO CUESTIONARIO_TRANSEVRSAL_PREGUNTA_9(RESPUESTA)
VALUES('Salario bajo/nulas o bajas prestaciones');
INSERT INTO CUESTIONARIO_TRANSEVRSAL_PREGUNTA_9(RESPUESTA)
VALUES('Horario');
INSERT INTO CUESTIONARIO_TRANSEVRSAL_PREGUNTA_9(RESPUESTA)
VALUES('No tenía experiencia');
INSERT INTO CUESTIONARIO_TRANSEVRSAL_PREGUNTA_9(RESPUESTA)
VALUES('No conozco quien me recomiende');
INSERT INTO CUESTIONARIO_TRANSEVRSAL_PREGUNTA_9(RESPUESTA)
VALUES('Tener cédula');
INSERT INTO CUESTIONARIO_TRANSEVRSAL_PREGUNTA_9(RESPUESTA)
VALUES('Ninguna');

CREATE TABLE CUESTIONARIO_TRANSEVRSAL_PREGUNTA_10(
ID INTEGER UNSIGNED PRIMARY KEY AUTO_INCREMENT,
RESPUESTA VARCHAR(300) NOT NULL);
INSERT INTO CUESTIONARIO_TRANSEVRSAL_PREGUNTA_10(RESPUESTA)
VALUES('Ser titulado');
INSERT INTO CUESTIONARIO_TRANSEVRSAL_PREGUNTA_10(RESPUESTA)
VALUES('Aprobar los exámenes de selección');
INSERT INTO CUESTIONARIO_TRANSEVRSAL_PREGUNTA_10(RESPUESTA)
VALUES('Dominio de otro idioma');
INSERT INTO CUESTIONARIO_TRANSEVRSAL_PREGUNTA_10(RESPUESTA)
VALUES('Manejo de tecnologías de la información y comunicación');
INSERT INTO CUESTIONARIO_TRANSEVRSAL_PREGUNTA_10(RESPUESTA)
VALUES('Experiencia');
INSERT INTO CUESTIONARIO_TRANSEVRSAL_PREGUNTA_10(RESPUESTA)
VALUES('Pasar una entrevista formal');
INSERT INTO CUESTIONARIO_TRANSEVRSAL_PREGUNTA_10(RESPUESTA)
VALUES('Otro');

CREATE TABLE CUESTIONARIO_TRANSEVRSAL_PREGUNTA_11(
ID INTEGER UNSIGNED PRIMARY KEY AUTO_INCREMENT,
RESPUESTA VARCHAR(300) NOT NULL);
INSERT INTO CUESTIONARIO_TRANSEVRSAL_PREGUNTA_11(RESPUESTA)
VALUES('Bolsa de trabajo institucional SISAE-SIBOLTRA');
INSERT INTO CUESTIONARIO_TRANSEVRSAL_PREGUNTA_11(RESPUESTA)
VALUES('Bolsa de trabajo de tu Unidad Académica');
INSERT INTO CUESTIONARIO_TRANSEVRSAL_PREGUNTA_11(RESPUESTA)
VALUES('Bolsa de trabajo externa');
INSERT INTO CUESTIONARIO_TRANSEVRSAL_PREGUNTA_11(RESPUESTA)
VALUES('Recomendación de compañeros de licenciatura');
INSERT INTO CUESTIONARIO_TRANSEVRSAL_PREGUNTA_11(RESPUESTA)
VALUES('Recomendación de un profesor');
INSERT INTO CUESTIONARIO_TRANSEVRSAL_PREGUNTA_11(RESPUESTA)
VALUES('Recomendación de un amigo o familiar');
INSERT INTO CUESTIONARIO_TRANSEVRSAL_PREGUNTA_11(RESPUESTA)
VALUES('Relaciones hechas en empleos anteriores');
INSERT INTO CUESTIONARIO_TRANSEVRSAL_PREGUNTA_11(RESPUESTA)
VALUES('Creación de un negocio, despacho, empresa propios');
INSERT INTO CUESTIONARIO_TRANSEVRSAL_PREGUNTA_11(RESPUESTA)
VALUES('Integración a un negocio familiar');
INSERT INTO CUESTIONARIO_TRANSEVRSAL_PREGUNTA_11(RESPUESTA)
VALUES('Servicio social');
INSERT INTO CUESTIONARIO_TRANSEVRSAL_PREGUNTA_11(RESPUESTA)
VALUES('Prácticas o estancias profesionales');
INSERT INTO CUESTIONARIO_TRANSEVRSAL_PREGUNTA_11(RESPUESTA)
VALUES('Agencia de colocación (head – hunters y outsourcing)');
INSERT INTO CUESTIONARIO_TRANSEVRSAL_PREGUNTA_11(RESPUESTA)
VALUES('Internet y/o app');
INSERT INTO CUESTIONARIO_TRANSEVRSAL_PREGUNTA_11(RESPUESTA)
VALUES('Por redes sociales');
INSERT INTO CUESTIONARIO_TRANSEVRSAL_PREGUNTA_11(RESPUESTA)
VALUES('Otro');

CREATE TABLE CUESTIONARIO_TRANSEVRSAL_PREGUNTA_12(
ID INTEGER UNSIGNED PRIMARY KEY AUTO_INCREMENT,
RESPUESTA VARCHAR(300) NOT NULL);
INSERT INTO CUESTIONARIO_TRANSEVRSAL_PREGUNTA_12(RESPUESTA)
VALUES('Director general');
INSERT INTO CUESTIONARIO_TRANSEVRSAL_PREGUNTA_12(RESPUESTA)
VALUES('Dueño o socio de una empresa/ despacho/ rancho');
INSERT INTO CUESTIONARIO_TRANSEVRSAL_PREGUNTA_12(RESPUESTA)
VALUES('Profesional independiente');
INSERT INTO CUESTIONARIO_TRANSEVRSAL_PREGUNTA_12(RESPUESTA)
VALUES('Gerente/ Director de área');
INSERT INTO CUESTIONARIO_TRANSEVRSAL_PREGUNTA_12(RESPUESTA)
VALUES('Coordinador');
INSERT INTO CUESTIONARIO_TRANSEVRSAL_PREGUNTA_12(RESPUESTA)
VALUES('Subgerente / Subdirector de área');
INSERT INTO CUESTIONARIO_TRANSEVRSAL_PREGUNTA_12(RESPUESTA)
VALUES('Jefe de departamento');
INSERT INTO CUESTIONARIO_TRANSEVRSAL_PREGUNTA_12(RESPUESTA)
VALUES('Ejecutivo de cuenta');
INSERT INTO CUESTIONARIO_TRANSEVRSAL_PREGUNTA_12(RESPUESTA)
VALUES('Jefe de oficina / sección / área');
INSERT INTO CUESTIONARIO_TRANSEVRSAL_PREGUNTA_12(RESPUESTA)
VALUES('Médico');
INSERT INTO CUESTIONARIO_TRANSEVRSAL_PREGUNTA_12(RESPUESTA)
VALUES('Empleado profesional');
INSERT INTO CUESTIONARIO_TRANSEVRSAL_PREGUNTA_12(RESPUESTA)
VALUES('Supervisor');
INSERT INTO CUESTIONARIO_TRANSEVRSAL_PREGUNTA_12(RESPUESTA)
VALUES('Analista especializado');
INSERT INTO CUESTIONARIO_TRANSEVRSAL_PREGUNTA_12(RESPUESTA)
VALUES('Vendedor en establecimiento');
INSERT INTO CUESTIONARIO_TRANSEVRSAL_PREGUNTA_12(RESPUESTA)
VALUES('Asistente');
INSERT INTO CUESTIONARIO_TRANSEVRSAL_PREGUNTA_12(RESPUESTA)
VALUES('Ayudante');
INSERT INTO CUESTIONARIO_TRANSEVRSAL_PREGUNTA_12(RESPUESTA)
VALUES('Por cuenta propia no profesional');
INSERT INTO CUESTIONARIO_TRANSEVRSAL_PREGUNTA_12(RESPUESTA)
VALUES('Empleado no profesiona');
INSERT INTO CUESTIONARIO_TRANSEVRSAL_PREGUNTA_12(RESPUESTA)
VALUES('Auxiliar');
INSERT INTO CUESTIONARIO_TRANSEVRSAL_PREGUNTA_12(RESPUESTA)
VALUES('Otro (especifique):');

CREATE TABLE CUESTIONARIO_TRANSEVRSAL_PREGUNTA_15(
ID INTEGER UNSIGNED PRIMARY KEY AUTO_INCREMENT,
RESPUESTA VARCHAR(300) NOT NULL);
INSERT INTO CUESTIONARIO_TRANSEVRSAL_PREGUNTA_15(RESPUESTA)
VALUES('Hasta 10 empleados (Micro)');
INSERT INTO CUESTIONARIO_TRANSEVRSAL_PREGUNTA_15(RESPUESTA)
VALUES('Entre 11 y 50 empleados (Pequeña)');
INSERT INTO CUESTIONARIO_TRANSEVRSAL_PREGUNTA_15(RESPUESTA)
VALUES('Entre 51 y 250 empleados (Mediana)');
INSERT INTO CUESTIONARIO_TRANSEVRSAL_PREGUNTA_15(RESPUESTA)
VALUES('Más de 250 empleados (Grande)');

CREATE TABLE CUESTIONARIO_TRANSEVRSAL_PREGUNTA_16(
ID INTEGER UNSIGNED PRIMARY KEY AUTO_INCREMENT,
RESPUESTA VARCHAR(300) NOT NULL);
INSERT INTO CUESTIONARIO_TRANSEVRSAL_PREGUNTA_16(RESPUESTA)
VALUES('Pública');
INSERT INTO CUESTIONARIO_TRANSEVRSAL_PREGUNTA_16(RESPUESTA)
VALUES('Privada');
INSERT INTO CUESTIONARIO_TRANSEVRSAL_PREGUNTA_16(RESPUESTA)
VALUES('Social');


CREATE TABLE CUESTIONARIO_TRANSEVRSAL_PREGUNTA_17(
ID INTEGER UNSIGNED PRIMARY KEY AUTO_INCREMENT,
RESPUESTA VARCHAR(300) NOT NULL);
INSERT INTO CUESTIONARIO_TRANSEVRSAL_PREGUNTA_17(RESPUESTA)
VALUES('Agrícola-ganadero/ silvícola/ etc.');
INSERT INTO CUESTIONARIO_TRANSEVRSAL_PREGUNTA_17(RESPUESTA)
VALUES('Industria extractiva');
INSERT INTO CUESTIONARIO_TRANSEVRSAL_PREGUNTA_17(RESPUESTA)
VALUES('Industria de la transformación');
INSERT INTO CUESTIONARIO_TRANSEVRSAL_PREGUNTA_17(RESPUESTA)
VALUES('Industria de la construcción');
INSERT INTO CUESTIONARIO_TRANSEVRSAL_PREGUNTA_17(RESPUESTA)
VALUES('Comercio');
INSERT INTO CUESTIONARIO_TRANSEVRSAL_PREGUNTA_17(RESPUESTA)
VALUES('Servicios bancarios/ financieros y seguros');
INSERT INTO CUESTIONARIO_TRANSEVRSAL_PREGUNTA_17(RESPUESTA)
VALUES('Transporte / comunicaciones');
INSERT INTO CUESTIONARIO_TRANSEVRSAL_PREGUNTA_17(RESPUESTA)
VALUES('Turismo');
INSERT INTO CUESTIONARIO_TRANSEVRSAL_PREGUNTA_17(RESPUESTA)
VALUES('Educación');
INSERT INTO CUESTIONARIO_TRANSEVRSAL_PREGUNTA_17(RESPUESTA)
VALUES('Servicios profesionales y técnicos');
INSERT INTO CUESTIONARIO_TRANSEVRSAL_PREGUNTA_17(RESPUESTA)
VALUES('Servicios de salud');
INSERT INTO CUESTIONARIO_TRANSEVRSAL_PREGUNTA_17(RESPUESTA)
VALUES('Servicios de gobierno');
INSERT INTO CUESTIONARIO_TRANSEVRSAL_PREGUNTA_17(RESPUESTA)
VALUES('Otro (especifique):');

CREATE TABLE CUESTIONARIO_TRANSEVRSAL_PREGUNTA_18(
ID INTEGER UNSIGNED PRIMARY KEY AUTO_INCREMENT,
RESPUESTA VARCHAR(300) NOT NULL);
INSERT INTO CUESTIONARIO_TRANSEVRSAL_PREGUNTA_18(RESPUESTA)
VALUES('Contrato por obra o tiempo determinado.');
INSERT INTO CUESTIONARIO_TRANSEVRSAL_PREGUNTA_18(RESPUESTA)
VALUES('Base');
INSERT INTO CUESTIONARIO_TRANSEVRSAL_PREGUNTA_18(RESPUESTA)
VALUES('Confianza');
INSERT INTO CUESTIONARIO_TRANSEVRSAL_PREGUNTA_18(RESPUESTA)
VALUES('Honorarios');
INSERT INTO CUESTIONARIO_TRANSEVRSAL_PREGUNTA_18(RESPUESTA)
VALUES('Comisión');
INSERT INTO CUESTIONARIO_TRANSEVRSAL_PREGUNTA_18(RESPUESTA)
VALUES('Independiente');
INSERT INTO CUESTIONARIO_TRANSEVRSAL_PREGUNTA_18(RESPUESTA)
VALUES('Otro');

CREATE TABLE CUESTIONARIO_TRANSEVRSAL_PREGUNTA_19(
ID INTEGER UNSIGNED PRIMARY KEY AUTO_INCREMENT,
RESPUESTA VARCHAR(300) NOT NULL);
INSERT INTO CUESTIONARIO_TRANSEVRSAL_PREGUNTA_19(RESPUESTA)
VALUES('Menos de 5 horas');
INSERT INTO CUESTIONARIO_TRANSEVRSAL_PREGUNTA_19(RESPUESTA)
VALUES('De 6 a 7 horas');
INSERT INTO CUESTIONARIO_TRANSEVRSAL_PREGUNTA_19(RESPUESTA)
VALUES('Más de 8 horas');

CREATE TABLE CUESTIONARIO_TRANSEVRSAL_PREGUNTA_20(
ID INTEGER UNSIGNED PRIMARY KEY AUTO_INCREMENT,
RESPUESTA VARCHAR(300) NOT NULL);
INSERT INTO CUESTIONARIO_TRANSEVRSAL_PREGUNTA_20(RESPUESTA)
VALUES('Menos de $ 5,000.00');
INSERT INTO CUESTIONARIO_TRANSEVRSAL_PREGUNTA_20(RESPUESTA)
VALUES('De $ 5,001.00 a $ 9,000.00');
INSERT INTO CUESTIONARIO_TRANSEVRSAL_PREGUNTA_20(RESPUESTA)
VALUES('De $ 9,001.00 a $ 12,000.00');
INSERT INTO CUESTIONARIO_TRANSEVRSAL_PREGUNTA_20(RESPUESTA)
VALUES('De $ 12,001.00 a 15,000');
INSERT INTO CUESTIONARIO_TRANSEVRSAL_PREGUNTA_20(RESPUESTA)
VALUES('De $ 15,001 a $20,000.00');
INSERT INTO CUESTIONARIO_TRANSEVRSAL_PREGUNTA_20(RESPUESTA)
VALUES('De 20,001.00 a 25,000.00');
INSERT INTO CUESTIONARIO_TRANSEVRSAL_PREGUNTA_20(RESPUESTA)
VALUES('Más de 25,001.00');

CREATE TABLE CUESTIONARIO_TRANSEVRSAL_PREGUNTA_21(
ID INTEGER UNSIGNED PRIMARY KEY AUTO_INCREMENT,
RESPUESTA VARCHAR(300) NOT NULL);
INSERT INTO CUESTIONARIO_TRANSEVRSAL_PREGUNTA_21(RESPUESTA)
VALUES('Titulado');
INSERT INTO CUESTIONARIO_TRANSEVRSAL_PREGUNTA_21(RESPUESTA)
VALUES('No titutlado');


CREATE TABLE CUESTIONARIO_TRANSEVRSAL_PREGUNTA_22(
ID INTEGER UNSIGNED PRIMARY KEY AUTO_INCREMENT,
RESPUESTA VARCHAR(300) NOT NULL);
INSERT INTO CUESTIONARIO_TRANSEVRSAL_PREGUNTA_22(RESPUESTA)
VALUES('Estoy en proceso de titulación');
INSERT INTO CUESTIONARIO_TRANSEVRSAL_PREGUNTA_22(RESPUESTA)
VALUES('Me faltan requisitos (servicio social, idioma, prácticas profesionales, etc.)');
INSERT INTO CUESTIONARIO_TRANSEVRSAL_PREGUNTA_22(RESPUESTA)
VALUES('Costos de titulación');
INSERT INTO CUESTIONARIO_TRANSEVRSAL_PREGUNTA_22(RESPUESTA)
VALUES('No he empezado/ni concluido la tesis');
INSERT INTO CUESTIONARIO_TRANSEVRSAL_PREGUNTA_22(RESPUESTA)
VALUES('Razones personales');
INSERT INTO CUESTIONARIO_TRANSEVRSAL_PREGUNTA_22(RESPUESTA)
VALUES('Por mi trabajo');
INSERT INTO CUESTIONARIO_TRANSEVRSAL_PREGUNTA_22(RESPUESTA)
VALUES('Falta de tiempo');
INSERT INTO CUESTIONARIO_TRANSEVRSAL_PREGUNTA_22(RESPUESTA)
VALUES('Dificultad de trámites');

CREATE TABLE CUESTIONARIO_TRANSEVRSAL_PREGUNTA_23(
ID INTEGER UNSIGNED PRIMARY KEY AUTO_INCREMENT,
RESPUESTA VARCHAR(300) NOT NULL);
INSERT INTO CUESTIONARIO_TRANSEVRSAL_PREGUNTA_23(RESPUESTA)
VALUES('Proyecto de Investigación');
INSERT INTO CUESTIONARIO_TRANSEVRSAL_PREGUNTA_23(RESPUESTA)
VALUES('Tesis');
INSERT INTO CUESTIONARIO_TRANSEVRSAL_PREGUNTA_23(RESPUESTA)
VALUES('Memoria de experiencia profesional');
INSERT INTO CUESTIONARIO_TRANSEVRSAL_PREGUNTA_23(RESPUESTA)
VALUES('Examen de conocimiento por áreas');
INSERT INTO CUESTIONARIO_TRANSEVRSAL_PREGUNTA_23(RESPUESTA)
VALUES('Créditos de Posgrado');
INSERT INTO CUESTIONARIO_TRANSEVRSAL_PREGUNTA_23(RESPUESTA)
VALUES('Estudios de Licenciatura');
INSERT INTO CUESTIONARIO_TRANSEVRSAL_PREGUNTA_23(RESPUESTA)
VALUES('Seminario de titulación');
INSERT INTO CUESTIONARIO_TRANSEVRSAL_PREGUNTA_23(RESPUESTA)
VALUES('Escolaridad');
INSERT INTO CUESTIONARIO_TRANSEVRSAL_PREGUNTA_23(RESPUESTA)
VALUES('Curricular');
INSERT INTO CUESTIONARIO_TRANSEVRSAL_PREGUNTA_23(RESPUESTA)
VALUES('Práctica profesional');
INSERT INTO CUESTIONARIO_TRANSEVRSAL_PREGUNTA_23(RESPUESTA)
VALUES('Programa especial');
INSERT INTO CUESTIONARIO_TRANSEVRSAL_PREGUNTA_23(RESPUESTA)
VALUES('Otra (especificar)');

CREATE TABLE CUESTIONARIO_TRANSEVRSAL_PREGUNTA_24(
ID INTEGER UNSIGNED PRIMARY KEY AUTO_INCREMENT,
RESPUESTA VARCHAR(300) NOT NULL);
INSERT INTO CUESTIONARIO_TRANSEVRSAL_PREGUNTA_24(RESPUESTA)
VALUES('Menos de 12 meses');
INSERT INTO CUESTIONARIO_TRANSEVRSAL_PREGUNTA_24(RESPUESTA)
VALUES('De 13 a 18 meses');
INSERT INTO CUESTIONARIO_TRANSEVRSAL_PREGUNTA_24(RESPUESTA)
VALUES('De 19 a 24 meses');
INSERT INTO CUESTIONARIO_TRANSEVRSAL_PREGUNTA_24(RESPUESTA)
VALUES('Más de 24 meses');

CREATE TABLE CUESTIONARIO_TRANSEVRSAL_PREGUNTA_25(
ID INTEGER UNSIGNED PRIMARY KEY AUTO_INCREMENT,
RESPUESTA VARCHAR(300) NOT NULL);
INSERT INTO CUESTIONARIO_TRANSEVRSAL_PREGUNTA_25(RESPUESTA)
VALUES('Nada');
INSERT INTO CUESTIONARIO_TRANSEVRSAL_PREGUNTA_25(RESPUESTA)
VALUES('Poco');
INSERT INTO CUESTIONARIO_TRANSEVRSAL_PREGUNTA_25(RESPUESTA)
VALUES('Regular');
INSERT INTO CUESTIONARIO_TRANSEVRSAL_PREGUNTA_25(RESPUESTA)
VALUES('Mucho');

CREATE TABLE CUESTIONARIO_TRANSEVRSAL_PREGUNTA_26(
ID INTEGER UNSIGNED PRIMARY KEY AUTO_INCREMENT,
RESPUESTA VARCHAR(300) NOT NULL);
INSERT INTO CUESTIONARIO_TRANSEVRSAL_PREGUNTA_26(RESPUESTA)
VALUES('Nada');
INSERT INTO CUESTIONARIO_TRANSEVRSAL_PREGUNTA_26(RESPUESTA)
VALUES('Poco');
INSERT INTO CUESTIONARIO_TRANSEVRSAL_PREGUNTA_26(RESPUESTA)
VALUES('Regular');
INSERT INTO CUESTIONARIO_TRANSEVRSAL_PREGUNTA_26(RESPUESTA)
VALUES('Mucho');

CREATE TABLE CUESTIONARIO_TRANSEVRSAL_PREGUNTA_27(
ID INTEGER UNSIGNED PRIMARY KEY AUTO_INCREMENT,
RESPUESTA VARCHAR(300) NOT NULL);
INSERT INTO CUESTIONARIO_TRANSEVRSAL_PREGUNTA_27(RESPUESTA)
VALUES('Nada');
INSERT INTO CUESTIONARIO_TRANSEVRSAL_PREGUNTA_27(RESPUESTA)
VALUES('Poco');
INSERT INTO CUESTIONARIO_TRANSEVRSAL_PREGUNTA_27(RESPUESTA)
VALUES('Regular');
INSERT INTO CUESTIONARIO_TRANSEVRSAL_PREGUNTA_27(RESPUESTA)
VALUES('Mucho');

CREATE TABLE CUESTIONARIO_TRANSEVRSAL_PREGUNTA_28(
ID INTEGER UNSIGNED PRIMARY KEY AUTO_INCREMENT,
RESPUESTA VARCHAR(300) NOT NULL);
INSERT INTO CUESTIONARIO_TRANSEVRSAL_PREGUNTA_28(RESPUESTA)
VALUES('Nada');
INSERT INTO CUESTIONARIO_TRANSEVRSAL_PREGUNTA_28(RESPUESTA)
VALUES('Poco');
INSERT INTO CUESTIONARIO_TRANSEVRSAL_PREGUNTA_28(RESPUESTA)
VALUES('Regular');
INSERT INTO CUESTIONARIO_TRANSEVRSAL_PREGUNTA_28(RESPUESTA)
VALUES('Mucho');

CREATE TABLE CUESTIONARIO_TRANSEVRSAL_PREGUNTA_29(
ID INTEGER UNSIGNED PRIMARY KEY AUTO_INCREMENT,
RESPUESTA VARCHAR(300) NOT NULL);
INSERT INTO CUESTIONARIO_TRANSEVRSAL_PREGUNTA_29(RESPUESTA)
VALUES('Nada');
INSERT INTO CUESTIONARIO_TRANSEVRSAL_PREGUNTA_29(RESPUESTA)
VALUES('Poco');
INSERT INTO CUESTIONARIO_TRANSEVRSAL_PREGUNTA_29(RESPUESTA)
VALUES('Regular');
INSERT INTO CUESTIONARIO_TRANSEVRSAL_PREGUNTA_29(RESPUESTA)
VALUES('Mucho');

CREATE TABLE CUESTIONARIO_TRANSEVRSAL_PREGUNTA_30(
ID INTEGER UNSIGNED PRIMARY KEY AUTO_INCREMENT,
RESPUESTA VARCHAR(300) NOT NULL);
INSERT INTO CUESTIONARIO_TRANSEVRSAL_PREGUNTA_30(RESPUESTA)
VALUES('Nada');
INSERT INTO CUESTIONARIO_TRANSEVRSAL_PREGUNTA_30(RESPUESTA)
VALUES('Poco');
INSERT INTO CUESTIONARIO_TRANSEVRSAL_PREGUNTA_30(RESPUESTA)
VALUES('Regular');
INSERT INTO CUESTIONARIO_TRANSEVRSAL_PREGUNTA_30(RESPUESTA)
VALUES('Mucho');

CREATE TABLE CUESTIONARIO_TRANSEVRSAL_PREGUNTA_31(
ID INTEGER UNSIGNED PRIMARY KEY AUTO_INCREMENT,
RESPUESTA VARCHAR(300) NOT NULL);
INSERT INTO CUESTIONARIO_TRANSEVRSAL_PREGUNTA_31(RESPUESTA)
VALUES('Nada');
INSERT INTO CUESTIONARIO_TRANSEVRSAL_PREGUNTA_31(RESPUESTA)
VALUES('Poco');
INSERT INTO CUESTIONARIO_TRANSEVRSAL_PREGUNTA_31(RESPUESTA)
VALUES('Regular');
INSERT INTO CUESTIONARIO_TRANSEVRSAL_PREGUNTA_31(RESPUESTA)
VALUES('Mucho');

CREATE TABLE CUESTIONARIO_TRANSEVRSAL_PREGUNTA_32(
ID INTEGER UNSIGNED PRIMARY KEY AUTO_INCREMENT,
RESPUESTA VARCHAR(300) NOT NULL);
INSERT INTO CUESTIONARIO_TRANSEVRSAL_PREGUNTA_32(RESPUESTA)
VALUES('Nada');
INSERT INTO CUESTIONARIO_TRANSEVRSAL_PREGUNTA_32(RESPUESTA)
VALUES('Poco');
INSERT INTO CUESTIONARIO_TRANSEVRSAL_PREGUNTA_32(RESPUESTA)
VALUES('Regular');
INSERT INTO CUESTIONARIO_TRANSEVRSAL_PREGUNTA_32(RESPUESTA)
VALUES('Mucho');

CREATE TABLE CUESTIONARIO_TRANSEVRSAL_PREGUNTA_33(
ID INTEGER UNSIGNED PRIMARY KEY AUTO_INCREMENT,
RESPUESTA VARCHAR(300) NOT NULL);
INSERT INTO CUESTIONARIO_TRANSEVRSAL_PREGUNTA_33(RESPUESTA)
VALUES('Nada');
INSERT INTO CUESTIONARIO_TRANSEVRSAL_PREGUNTA_33(RESPUESTA)
VALUES('Poco');
INSERT INTO CUESTIONARIO_TRANSEVRSAL_PREGUNTA_33(RESPUESTA)
VALUES('Regular');
INSERT INTO CUESTIONARIO_TRANSEVRSAL_PREGUNTA_33(RESPUESTA)
VALUES('Mucho');

CREATE TABLE CUESTIONARIO_TRANSEVRSAL_PREGUNTA_34(
ID INTEGER UNSIGNED PRIMARY KEY AUTO_INCREMENT,
RESPUESTA VARCHAR(300) NOT NULL);
INSERT INTO CUESTIONARIO_TRANSEVRSAL_PREGUNTA_34(RESPUESTA)
VALUES('Nada');
INSERT INTO CUESTIONARIO_TRANSEVRSAL_PREGUNTA_34(RESPUESTA)
VALUES('Poco');
INSERT INTO CUESTIONARIO_TRANSEVRSAL_PREGUNTA_34(RESPUESTA)
VALUES('Regular');
INSERT INTO CUESTIONARIO_TRANSEVRSAL_PREGUNTA_34(RESPUESTA)
VALUES('Mucho');

CREATE TABLE CUESTIONARIO_TRANSEVRSAL_PREGUNTA_35(
ID INTEGER UNSIGNED PRIMARY KEY AUTO_INCREMENT,
RESPUESTA VARCHAR(300) NOT NULL);
INSERT INTO CUESTIONARIO_TRANSEVRSAL_PREGUNTA_35(RESPUESTA)
VALUES('Nada');
INSERT INTO CUESTIONARIO_TRANSEVRSAL_PREGUNTA_35(RESPUESTA)
VALUES('Poco');
INSERT INTO CUESTIONARIO_TRANSEVRSAL_PREGUNTA_35(RESPUESTA)
VALUES('Regular');
INSERT INTO CUESTIONARIO_TRANSEVRSAL_PREGUNTA_35(RESPUESTA)
VALUES('Mucho');

CREATE TABLE CUESTIONARIO_TRANSEVRSAL_PREGUNTA_36(
ID INTEGER UNSIGNED PRIMARY KEY AUTO_INCREMENT,
RESPUESTA VARCHAR(300) NOT NULL);
INSERT INTO CUESTIONARIO_TRANSEVRSAL_PREGUNTA_36(RESPUESTA)
VALUES('Ampliar');
INSERT INTO CUESTIONARIO_TRANSEVRSAL_PREGUNTA_36(RESPUESTA)
VALUES('Mantener');
INSERT INTO CUESTIONARIO_TRANSEVRSAL_PREGUNTA_36(RESPUESTA)
VALUES('Reducir');

CREATE TABLE CUESTIONARIO_TRANSEVRSAL_PREGUNTA_37(
ID INTEGER UNSIGNED PRIMARY KEY AUTO_INCREMENT,
RESPUESTA VARCHAR(300) NOT NULL);
INSERT INTO CUESTIONARIO_TRANSEVRSAL_PREGUNTA_37(RESPUESTA)
VALUES('Ampliar');
INSERT INTO CUESTIONARIO_TRANSEVRSAL_PREGUNTA_37(RESPUESTA)
VALUES('Mantener');
INSERT INTO CUESTIONARIO_TRANSEVRSAL_PREGUNTA_37(RESPUESTA)
VALUES('Reducir');

CREATE TABLE CUESTIONARIO_TRANSEVRSAL_PREGUNTA_38(
ID INTEGER UNSIGNED PRIMARY KEY AUTO_INCREMENT,
RESPUESTA VARCHAR(300) NOT NULL);
INSERT INTO CUESTIONARIO_TRANSEVRSAL_PREGUNTA_38(RESPUESTA)
VALUES('Ampliar');
INSERT INTO CUESTIONARIO_TRANSEVRSAL_PREGUNTA_38(RESPUESTA)
VALUES('Mantener');
INSERT INTO CUESTIONARIO_TRANSEVRSAL_PREGUNTA_38(RESPUESTA)
VALUES('Reducir');

CREATE TABLE CUESTIONARIO_TRANSEVRSAL_PREGUNTA_39(
ID INTEGER UNSIGNED PRIMARY KEY AUTO_INCREMENT,
RESPUESTA VARCHAR(300) NOT NULL);
INSERT INTO CUESTIONARIO_TRANSEVRSAL_PREGUNTA_39(RESPUESTA)
VALUES('Ampliar');
INSERT INTO CUESTIONARIO_TRANSEVRSAL_PREGUNTA_39(RESPUESTA)
VALUES('Mantener');
INSERT INTO CUESTIONARIO_TRANSEVRSAL_PREGUNTA_39(RESPUESTA)
VALUES('Reducir');
