CREATE TABLE CUESTIONARIO_TRAYECTORIA(
ID_CUESTIONARIO INTEGER UNSIGNED PRIMARY KEY AUTO_INCREMENT,
NOMBRE VARCHAR(500),
DESCRIPCION VARCHAR(500),
ID_USUARIO INTEGER UNSIGNED NOT NULL,
PREGUNTA_1 INTEGER UNSIGNED NOT NULL,
PREGUNTA_2 INTEGER UNSIGNED NOT NULL,
PREGUNTA_3 INTEGER UNSIGNED NOT NULL,
PREGUNTA_4 VARCHAR(500) NOT NULL,
PREGUNTA_5 INTEGER UNSIGNED NOT NULL,
PREGUNTA_6 INTEGER UNSIGNED NOT NULL,
PREGUNTA_7 INTEGER UNSIGNED NOT NULL,
PREGUNTA_8 INTEGER UNSIGNED NOT NULL,
PREGUNTA_9 INTEGER UNSIGNED NOT NULL,
PREGUNTA_10 INTEGER UNSIGNED NOT NULL,
PREGUNTA_11 INTEGER UNSIGNED NOT NULL,
PREGUNTA_12 INTEGER UNSIGNED NOT NULL,
PREGUNTA_13 INTEGER UNSIGNED NOT NULL,
PREGUNTA_14 INTEGER UNSIGNED NOT NULL,
PREGUNTA_15 INTEGER UNSIGNED NOT NULL,
PREGUNTA_16 INTEGER UNSIGNED NOT NULL,
PREGUNTA_17 INTEGER UNSIGNED NOT NULL,
PREGUNTA_18 INTEGER UNSIGNED NOT NULL,
PREGUNTA_19 INTEGER UNSIGNED NOT NULL,
PREGUNTA_20 INTEGER UNSIGNED NOT NULL,
PREGUNTA_21 INTEGER UNSIGNED NOT NULL,
PREGUNTA_22 INTEGER UNSIGNED NOT NULL,
PREGUNTA_23 INTEGER UNSIGNED NOT NULL,
PREGUNTA_24 INTEGER UNSIGNED NOT NULL,
PREGUNTA_25 INTEGER UNSIGNED NOT NULL,
PREGUNTA_26 INTEGER UNSIGNED NOT NULL,
PREGUNTA_27 INTEGER UNSIGNED NOT NULL,
PREGUNTA_28 INTEGER UNSIGNED NOT NULL,
PREGUNTA_29 INTEGER UNSIGNED NOT NULL,
PREGUNTA_30 INTEGER UNSIGNED NOT NULL,
PREGUNTA_31 INTEGER UNSIGNED NOT NULL,
PREGUNTA_32 INTEGER UNSIGNED NOT NULL,
PREGUNTA_33 INTEGER UNSIGNED NOT NULL,
PREGUNTA_34 INTEGER UNSIGNED NOT NULL,
PREGUNTA_35 INTEGER UNSIGNED NOT NULL,
PREGUNTA_36 INTEGER UNSIGNED NOT NULL,
PREGUNTA_37 INTEGER UNSIGNED NOT NULL,
PREGUNTA_38 INTEGER UNSIGNED NOT NULL,
PREGUNTA_39 INTEGER UNSIGNED NOT NULL,
PREGUNTA_40 INTEGER UNSIGNED NOT NULL,
PREGUNTA_41 INTEGER UNSIGNED NOT NULL,
PREGUNTA_42 INTEGER UNSIGNED NOT NULL,
PREGUNTA_43 INTEGER UNSIGNED NOT NULL,
PREGUNTA_44 INTEGER UNSIGNED NOT NULL,
PREGUNTA_45 INTEGER UNSIGNED NOT NULL,
PREGUNTA_46 INTEGER UNSIGNED NOT NULL,
PREGUNTA_47 INTEGER UNSIGNED NOT NULL,
PREGUNTA_48 INTEGER UNSIGNED NOT NULL,
PREGUNTA_49 INTEGER UNSIGNED NOT NULL,
PREGUNTA_50 INTEGER UNSIGNED NOT NULL,
PREGUNTA_51 INTEGER UNSIGNED NOT NULL,
PREGUNTA_52 INTEGER UNSIGNED NOT NULL,
PREGUNTA_53 INTEGER UNSIGNED NOT NULL,
PREGUNTA_54 INTEGER UNSIGNED NOT NULL,
PREGUNTA_55 INTEGER UNSIGNED NOT NULL,
PREGUNTA_56 INTEGER UNSIGNED NOT NULL,
PREGUNTA_57 INTEGER UNSIGNED NOT NULL,
PREGUNTA_58 INTEGER UNSIGNED NOT NULL,
FOREIGN KEY (ID_USUARIO) REFERENCES USUARIO(ID_USUARIO),
FOREIGN KEY (PREGUNTA_1) REFERENCES CUESTIONARIO_TRAYECTORIA_PREGUNTA_1(ID),
FOREIGN KEY (PREGUNTA_2) REFERENCES CUESTIONARIO_TRAYECTORIA_PREGUNTA_2(ID),
FOREIGN KEY (PREGUNTA_3) REFERENCES CUESTIONARIO_TRAYECTORIA_PREGUNTA_3(ID),
FOREIGN KEY (PREGUNTA_5) REFERENCES CUESTIONARIO_TRAYECTORIA_PREGUNTA_5(ID),
FOREIGN KEY (PREGUNTA_6) REFERENCES CUESTIONARIO_TRAYECTORIA_PREGUNTA_6(ID),
FOREIGN KEY (PREGUNTA_7) REFERENCES CUESTIONARIO_TRAYECTORIA_PREGUNTA_7(ID),
FOREIGN KEY (PREGUNTA_9) REFERENCES CUESTIONARIO_TRAYECTORIA_PREGUNTA_9(ID),
FOREIGN KEY (PREGUNTA_10) REFERENCES CUESTIONARIO_TRAYECTORIA_PREGUNTA_10(ID),
FOREIGN KEY (PREGUNTA_11) REFERENCES CUESTIONARIO_TRAYECTORIA_PREGUNTA_11(ID),
FOREIGN KEY (PREGUNTA_12) REFERENCES CUESTIONARIO_TRAYECTORIA_PREGUNTA_12(ID),
FOREIGN KEY (PREGUNTA_13) REFERENCES CUESTIONARIO_TRAYECTORIA_PREGUNTA_13(ID),
FOREIGN KEY (PREGUNTA_14) REFERENCES CUESTIONARIO_TRAYECTORIA_PREGUNTA_14(ID),
FOREIGN KEY (PREGUNTA_15) REFERENCES CUESTIONARIO_TRAYECTORIA_PREGUNTA_15(ID),
FOREIGN KEY (PREGUNTA_16) REFERENCES CUESTIONARIO_TRAYECTORIA_PREGUNTA_16(ID),
FOREIGN KEY (PREGUNTA_17) REFERENCES CUESTIONARIO_TRAYECTORIA_PREGUNTA_17(ID),
FOREIGN KEY (PREGUNTA_18) REFERENCES CUESTIONARIO_TRAYECTORIA_PREGUNTA_18(ID),
FOREIGN KEY (PREGUNTA_19) REFERENCES CUESTIONARIO_TRAYECTORIA_PREGUNTA_19(ID),
FOREIGN KEY (PREGUNTA_20) REFERENCES CUESTIONARIO_TRAYECTORIA_PREGUNTA_20(ID),
FOREIGN KEY (PREGUNTA_21) REFERENCES CUESTIONARIO_TRAYECTORIA_PREGUNTA_21(ID),
FOREIGN KEY (PREGUNTA_22) REFERENCES CUESTIONARIO_TRAYECTORIA_PREGUNTA_22(ID),
FOREIGN KEY (PREGUNTA_23) REFERENCES CUESTIONARIO_TRAYECTORIA_PREGUNTA_23(ID),
FOREIGN KEY (PREGUNTA_24) REFERENCES CUESTIONARIO_TRAYECTORIA_PREGUNTA_24(ID),
FOREIGN KEY (PREGUNTA_25) REFERENCES CUESTIONARIO_TRAYECTORIA_PREGUNTA_25(ID),
FOREIGN KEY (PREGUNTA_26) REFERENCES CUESTIONARIO_TRAYECTORIA_PREGUNTA_26(ID),
FOREIGN KEY (PREGUNTA_27) REFERENCES CUESTIONARIO_TRAYECTORIA_PREGUNTA_27(ID),
FOREIGN KEY (PREGUNTA_28) REFERENCES CUESTIONARIO_TRAYECTORIA_PREGUNTA_28(ID),
FOREIGN KEY (PREGUNTA_29) REFERENCES CUESTIONARIO_TRAYECTORIA_PREGUNTA_29(ID),
FOREIGN KEY (PREGUNTA_30) REFERENCES CUESTIONARIO_TRAYECTORIA_PREGUNTA_30(ID),
FOREIGN KEY (PREGUNTA_31) REFERENCES CUESTIONARIO_TRAYECTORIA_PREGUNTA_31(ID),
FOREIGN KEY (PREGUNTA_32) REFERENCES CUESTIONARIO_TRAYECTORIA_PREGUNTA_32(ID),
FOREIGN KEY (PREGUNTA_33) REFERENCES CUESTIONARIO_TRAYECTORIA_PREGUNTA_33(ID),
FOREIGN KEY (PREGUNTA_34) REFERENCES CUESTIONARIO_TRAYECTORIA_PREGUNTA_34(ID),
FOREIGN KEY (PREGUNTA_35) REFERENCES CUESTIONARIO_TRAYECTORIA_PREGUNTA_35(ID),
FOREIGN KEY (PREGUNTA_36) REFERENCES CUESTIONARIO_TRAYECTORIA_PREGUNTA_36(ID),
FOREIGN KEY (PREGUNTA_37) REFERENCES CUESTIONARIO_TRAYECTORIA_PREGUNTA_37(ID),
FOREIGN KEY (PREGUNTA_38) REFERENCES CUESTIONARIO_TRAYECTORIA_PREGUNTA_38(ID),
FOREIGN KEY (PREGUNTA_39) REFERENCES CUESTIONARIO_TRAYECTORIA_PREGUNTA_39(ID),
FOREIGN KEY (PREGUNTA_38) REFERENCES CUESTIONARIO_TRAYECTORIA_PREGUNTA_40(ID),
FOREIGN KEY (PREGUNTA_38) REFERENCES CUESTIONARIO_TRAYECTORIA_PREGUNTA_41(ID),
FOREIGN KEY (PREGUNTA_38) REFERENCES CUESTIONARIO_TRAYECTORIA_PREGUNTA_42(ID),
FOREIGN KEY (PREGUNTA_38) REFERENCES CUESTIONARIO_TRAYECTORIA_PREGUNTA_43(ID),
FOREIGN KEY (PREGUNTA_38) REFERENCES CUESTIONARIO_TRAYECTORIA_PREGUNTA_44(ID),
FOREIGN KEY (PREGUNTA_38) REFERENCES CUESTIONARIO_TRAYECTORIA_PREGUNTA_45(ID),
FOREIGN KEY (PREGUNTA_38) REFERENCES CUESTIONARIO_TRAYECTORIA_PREGUNTA_46(ID),
FOREIGN KEY (PREGUNTA_38) REFERENCES CUESTIONARIO_TRAYECTORIA_PREGUNTA_47(ID),
FOREIGN KEY (PREGUNTA_38) REFERENCES CUESTIONARIO_TRAYECTORIA_PREGUNTA_48(ID),
FOREIGN KEY (PREGUNTA_38) REFERENCES CUESTIONARIO_TRAYECTORIA_PREGUNTA_49(ID),
FOREIGN KEY (PREGUNTA_38) REFERENCES CUESTIONARIO_TRAYECTORIA_PREGUNTA_50(ID),
FOREIGN KEY (PREGUNTA_38) REFERENCES CUESTIONARIO_TRAYECTORIA_PREGUNTA_51(ID),
FOREIGN KEY (PREGUNTA_38) REFERENCES CUESTIONARIO_TRAYECTORIA_PREGUNTA_52(ID),
FOREIGN KEY (PREGUNTA_38) REFERENCES CUESTIONARIO_TRAYECTORIA_PREGUNTA_53(ID),
FOREIGN KEY (PREGUNTA_38) REFERENCES CUESTIONARIO_TRAYECTORIA_PREGUNTA_54(ID),
FOREIGN KEY (PREGUNTA_38) REFERENCES CUESTIONARIO_TRAYECTORIA_PREGUNTA_55(ID),
FOREIGN KEY (PREGUNTA_38) REFERENCES CUESTIONARIO_TRAYECTORIA_PREGUNTA_56(ID),
FOREIGN KEY (PREGUNTA_38) REFERENCES CUESTIONARIO_TRAYECTORIA_PREGUNTA_57(ID),
FOREIGN KEY (PREGUNTA_38) REFERENCES CUESTIONARIO_TRAYECTORIA_PREGUNTA_58(ID));

CREATE TABLE CUESTIONARIO_TRAYECTORIA_PREGUNTA_1(
ID INTEGER UNSIGNED PRIMARY KEY AUTO_INCREMENT,
RESPUESTA VARCHAR(500) NOT NULL);
INSERT INTO CUESTIONARIO_TRAYECTORIA_PREGUNTA_1(RESPUESTA)
VALUES
('Sin estudio'),
('Primaria'),
('Secundaria'),
('Nivel Medio Superior'),
('Nivel Superior'),
('Posgrado');

CREATE TABLE CUESTIONARIO_TRAYECTORIA_PREGUNTA_2(
ID INTEGER UNSIGNED PRIMARY KEY AUTO_INCREMENT,
RESPUESTA VARCHAR(500) NOT NULL);
INSERT INTO CUESTIONARIO_TRAYECTORIA_PREGUNTA_2(RESPUESTA)
VALUES
('Dueño o socio de una empresa/CEO/ Emprendedor'),
('Director general'),
('Gerente / Director de área'),
('Subgerente / Subdirector de área'),
('Jefe de departamento o área'),
('Ejecutivo de cuenta'),
('Empleado técnico'),
('Vendedor'),
('Asistente técnico, ayudante o auxiliar, Call center'),
('Trabajo manual no calificado'),
('Docente'),
('Profesional independiente'),
('Otro ¿Cuál?');

CREATE TABLE CUESTIONARIO_TRAYECTORIA_PREGUNTA_3(
ID INTEGER UNSIGNED PRIMARY KEY AUTO_INCREMENT,
RESPUESTA VARCHAR(500) NOT NULL);
INSERT INTO CUESTIONARIO_TRAYECTORIA_PREGUNTA_3(RESPUESTA)
VALUES
('Una'),
('Dos'),
('Tres'),
('Cuatro'),
('Cinco o más');

CREATE TABLE CUESTIONARIO_TRAYECTORIA_PREGUNTA_5(
ID INTEGER UNSIGNED PRIMARY KEY AUTO_INCREMENT,
RESPUESTA VARCHAR(500) NOT NULL);
INSERT INTO CUESTIONARIO_TRAYECTORIA_PREGUNTA_5(RESPUESTA)
VALUES
('Propia'),
('A crédito'),
('Rentada'),
('Prestada');

CREATE TABLE CUESTIONARIO_TRAYECTORIA_PREGUNTA_6(
ID INTEGER UNSIGNED PRIMARY KEY AUTO_INCREMENT,
RESPUESTA VARCHAR(500) NOT NULL);
INSERT INTO CUESTIONARIO_TRAYECTORIA_PREGUNTA_6(RESPUESTA)
VALUES
('Por padres o tutor'),
('Por otros familiares'),
('Por pareja'),
('Por beca/ crédito educativo'),
('Tu salario (Económicamente independiente)');

CREATE TABLE CUESTIONARIO_TRAYECTORIA_PREGUNTA_7(
ID INTEGER UNSIGNED PRIMARY KEY AUTO_INCREMENT,
RESPUESTA VARCHAR(500) NOT NULL);
INSERT INTO CUESTIONARIO_TRAYECTORIA_PREGUNTA_7(RESPUESTA)
VALUES
('Sí'),
('No');

CREATE TABLE CUESTIONARIO_TRAYECTORIA_PREGUNTA_8(
ID INTEGER UNSIGNED PRIMARY KEY AUTO_INCREMENT,
RESPUESTA VARCHAR(500) NOT NULL);
INSERT INTO CUESTIONARIO_TRAYECTORIA_PREGUNTA_8(RESPUESTA)
VALUES
('Sí'),
('No');

CREATE TABLE CUESTIONARIO_TRAYECTORIA_PREGUNTA_9(
ID INTEGER UNSIGNED PRIMARY KEY AUTO_INCREMENT,
RESPUESTA VARCHAR(500) NOT NULL);
INSERT INTO CUESTIONARIO_TRAYECTORIA_PREGUNTA_9(RESPUESTA)
VALUES
('Sí'),
('No');

CREATE TABLE CUESTIONARIO_TRAYECTORIA_PREGUNTA_10(
ID INTEGER UNSIGNED PRIMARY KEY AUTO_INCREMENT,
RESPUESTA VARCHAR(500) NOT NULL);
INSERT INTO CUESTIONARIO_TRAYECTORIA_PREGUNTA_10(RESPUESTA)
VALUES
('Sí'),
('No');

CREATE TABLE CUESTIONARIO_TRAYECTORIA_PREGUNTA_11(
ID INTEGER UNSIGNED PRIMARY KEY AUTO_INCREMENT,
RESPUESTA VARCHAR(500) NOT NULL);
INSERT INTO CUESTIONARIO_TRAYECTORIA_PREGUNTA_11(RESPUESTA)
VALUES
('Sí'),
('No');

CREATE TABLE CUESTIONARIO_TRAYECTORIA_PREGUNTA_12(
ID INTEGER UNSIGNED PRIMARY KEY AUTO_INCREMENT,
RESPUESTA VARCHAR(500) NOT NULL);
INSERT INTO CUESTIONARIO_TRAYECTORIA_PREGUNTA_12(RESPUESTA)
VALUES
('Sí'),
('No');

CREATE TABLE CUESTIONARIO_TRAYECTORIA_PREGUNTA_13(
ID INTEGER UNSIGNED PRIMARY KEY AUTO_INCREMENT,
RESPUESTA VARCHAR(500) NOT NULL);
INSERT INTO CUESTIONARIO_TRAYECTORIA_PREGUNTA_13(RESPUESTA)
VALUES
('Sí'),
('No');

CREATE TABLE CUESTIONARIO_TRAYECTORIA_PREGUNTA_14(
ID INTEGER UNSIGNED PRIMARY KEY AUTO_INCREMENT,
RESPUESTA VARCHAR(500) NOT NULL);
INSERT INTO CUESTIONARIO_TRAYECTORIA_PREGUNTA_14(RESPUESTA)
VALUES
('Sí'),
('No');

CREATE TABLE CUESTIONARIO_TRAYECTORIA_PREGUNTA_15(
ID INTEGER UNSIGNED PRIMARY KEY AUTO_INCREMENT,
RESPUESTA VARCHAR(500) NOT NULL);
INSERT INTO CUESTIONARIO_TRAYECTORIA_PREGUNTA_15(RESPUESTA)
VALUES
('Sí'),
('No');

CREATE TABLE CUESTIONARIO_TRAYECTORIA_PREGUNTA_16(
ID INTEGER UNSIGNED PRIMARY KEY AUTO_INCREMENT,
RESPUESTA VARCHAR(500) NOT NULL);
INSERT INTO CUESTIONARIO_TRAYECTORIA_PREGUNTA_16(RESPUESTA)
VALUES
('Económico'),
('Comunicación familiar'),
('Socio afectivo'),
('De salud (enfermedades y adicciones)'),
('Otro');

CREATE TABLE CUESTIONARIO_TRAYECTORIA_PREGUNTA_17(
ID INTEGER UNSIGNED PRIMARY KEY AUTO_INCREMENT,
RESPUESTA VARCHAR(500) NOT NULL);
INSERT INTO CUESTIONARIO_TRAYECTORIA_PREGUNTA_17(RESPUESTA)
VALUES
('De 30 min o menos'),
('De 31 min a 59 min'),
('De 1 hrs a 1 hrs 59 min'),
('De 2 hrs o más');

CREATE TABLE CUESTIONARIO_TRAYECTORIA_PREGUNTA_18(
ID INTEGER UNSIGNED PRIMARY KEY AUTO_INCREMENT,
RESPUESTA VARCHAR(500) NOT NULL);
INSERT INTO CUESTIONARIO_TRAYECTORIA_PREGUNTA_18(RESPUESTA)
VALUES
('Sí'),
('No');

CREATE TABLE CUESTIONARIO_TRAYECTORIA_PREGUNTA_19(
ID INTEGER UNSIGNED PRIMARY KEY AUTO_INCREMENT,
RESPUESTA VARCHAR(500) NOT NULL);
INSERT INTO CUESTIONARIO_TRAYECTORIA_PREGUNTA_19(RESPUESTA)
VALUES
('Carga excesiva de trabajo'),
('Impedimento para cursar unidades de aprendizaje seriadas'),
('Impedimento para cursar unidades de aprendizaje adelantadas'),
('Deficientes hábitos de estudio'),
('Unidades de aprendizaje reprobadas'),
('Deficiencia en los cursos de recuperación'),
('Saturación de Grupos'),
('Ninguna'),
('Otra');

CREATE TABLE CUESTIONARIO_TRAYECTORIA_PREGUNTA_20(
ID INTEGER UNSIGNED PRIMARY KEY AUTO_INCREMENT,
RESPUESTA VARCHAR(500) NOT NULL);
INSERT INTO CUESTIONARIO_TRAYECTORIA_PREGUNTA_20(RESPUESTA)
VALUES
('Sí'),
('No');

CREATE TABLE CUESTIONARIO_TRAYECTORIA_PREGUNTA_21(
ID INTEGER UNSIGNED PRIMARY KEY AUTO_INCREMENT,
RESPUESTA VARCHAR(500) NOT NULL);
INSERT INTO CUESTIONARIO_TRAYECTORIA_PREGUNTA_21(RESPUESTA)
VALUES
('1'),
('2'),
('3'),
('4'),
('5');

CREATE TABLE CUESTIONARIO_TRAYECTORIA_PREGUNTA_22(
ID INTEGER UNSIGNED PRIMARY KEY AUTO_INCREMENT,
RESPUESTA VARCHAR(500) NOT NULL);
INSERT INTO CUESTIONARIO_TRAYECTORIA_PREGUNTA_22(RESPUESTA)
VALUES
('1'),
('2'),
('3'),
('4'),
('5');

CREATE TABLE CUESTIONARIO_TRAYECTORIA_PREGUNTA_23(
ID INTEGER UNSIGNED PRIMARY KEY AUTO_INCREMENT,
RESPUESTA VARCHAR(500) NOT NULL);
INSERT INTO CUESTIONARIO_TRAYECTORIA_PREGUNTA_23(RESPUESTA)
VALUES
('1'),
('2'),
('3'),
('4'),
('5');

CREATE TABLE CUESTIONARIO_TRAYECTORIA_PREGUNTA_24(
ID INTEGER UNSIGNED PRIMARY KEY AUTO_INCREMENT,
RESPUESTA VARCHAR(500) NOT NULL);
INSERT INTO CUESTIONARIO_TRAYECTORIA_PREGUNTA_24(RESPUESTA)
VALUES
('1'),
('2'),
('3'),
('4'),
('5');

CREATE TABLE CUESTIONARIO_TRAYECTORIA_PREGUNTA_25(
ID INTEGER UNSIGNED PRIMARY KEY AUTO_INCREMENT,
RESPUESTA VARCHAR(500) NOT NULL);
INSERT INTO CUESTIONARIO_TRAYECTORIA_PREGUNTA_25(RESPUESTA)
VALUES
('1'),
('2'),
('3'),
('4'),
('5');

CREATE TABLE CUESTIONARIO_TRAYECTORIA_PREGUNTA_26(
ID INTEGER UNSIGNED PRIMARY KEY AUTO_INCREMENT,
RESPUESTA VARCHAR(500) NOT NULL);
INSERT INTO CUESTIONARIO_TRAYECTORIA_PREGUNTA_26(RESPUESTA)
VALUES
('1'),
('2'),
('3'),
('4'),
('5');

CREATE TABLE CUESTIONARIO_TRAYECTORIA_PREGUNTA_27(
ID INTEGER UNSIGNED PRIMARY KEY AUTO_INCREMENT,
RESPUESTA VARCHAR(500) NOT NULL);
INSERT INTO CUESTIONARIO_TRAYECTORIA_PREGUNTA_27(RESPUESTA)
VALUES
('1'),
('2'),
('3'),
('4'),
('5');

CREATE TABLE CUESTIONARIO_TRAYECTORIA_PREGUNTA_28(
ID INTEGER UNSIGNED PRIMARY KEY AUTO_INCREMENT,
RESPUESTA VARCHAR(500) NOT NULL);
INSERT INTO CUESTIONARIO_TRAYECTORIA_PREGUNTA_28(RESPUESTA)
VALUES
('1'),
('2'),
('3'),
('4'),
('5');

CREATE TABLE CUESTIONARIO_TRAYECTORIA_PREGUNTA_29(
ID INTEGER UNSIGNED PRIMARY KEY AUTO_INCREMENT,
RESPUESTA VARCHAR(500) NOT NULL);
INSERT INTO CUESTIONARIO_TRAYECTORIA_PREGUNTA_29(RESPUESTA)
VALUES
('1'),
('2'),
('3'),
('4'),
('5');

CREATE TABLE CUESTIONARIO_TRAYECTORIA_PREGUNTA_30(
ID INTEGER UNSIGNED PRIMARY KEY AUTO_INCREMENT,
RESPUESTA VARCHAR(500) NOT NULL);
INSERT INTO CUESTIONARIO_TRAYECTORIA_PREGUNTA_30(RESPUESTA)
VALUES
('1'),
('2'),
('3'),
('4'),
('5');

CREATE TABLE CUESTIONARIO_TRAYECTORIA_PREGUNTA_31(
ID INTEGER UNSIGNED PRIMARY KEY AUTO_INCREMENT,
RESPUESTA VARCHAR(500) NOT NULL);
INSERT INTO CUESTIONARIO_TRAYECTORIA_PREGUNTA_31(RESPUESTA)
VALUES
('1'),
('2'),
('3'),
('4'),
('5');

CREATE TABLE CUESTIONARIO_TRAYECTORIA_PREGUNTA_32(
ID INTEGER UNSIGNED PRIMARY KEY AUTO_INCREMENT,
RESPUESTA VARCHAR(500) NOT NULL);
INSERT INTO CUESTIONARIO_TRAYECTORIA_PREGUNTA_32(RESPUESTA)
VALUES
('1'),
('2'),
('3'),
('4'),
('5');

CREATE TABLE CUESTIONARIO_TRAYECTORIA_PREGUNTA_33(
ID INTEGER UNSIGNED PRIMARY KEY AUTO_INCREMENT,
RESPUESTA VARCHAR(500) NOT NULL);
INSERT INTO CUESTIONARIO_TRAYECTORIA_PREGUNTA_33(RESPUESTA)
VALUES
('Muy Bueno'),
('Bueno'),
('Regular'),
('Malo'),
('Muy Malo'),
('No aplica');

CREATE TABLE CUESTIONARIO_TRAYECTORIA_PREGUNTA_34(
ID INTEGER UNSIGNED PRIMARY KEY AUTO_INCREMENT,
RESPUESTA VARCHAR(500) NOT NULL);
INSERT INTO CUESTIONARIO_TRAYECTORIA_PREGUNTA_34(RESPUESTA)
VALUES
('Muy Bueno'),
('Bueno'),
('Regular'),
('Malo'),
('Muy Malo'),
('No aplica');

CREATE TABLE CUESTIONARIO_TRAYECTORIA_PREGUNTA_35(
ID INTEGER UNSIGNED PRIMARY KEY AUTO_INCREMENT,
RESPUESTA VARCHAR(500) NOT NULL);
INSERT INTO CUESTIONARIO_TRAYECTORIA_PREGUNTA_35(RESPUESTA)
VALUES
('Muy Bueno'),
('Bueno'),
('Regular'),
('Malo'),
('Muy Malo'),
('No aplica');

CREATE TABLE CUESTIONARIO_TRAYECTORIA_PREGUNTA_36(
ID INTEGER UNSIGNED PRIMARY KEY AUTO_INCREMENT,
RESPUESTA VARCHAR(500) NOT NULL);
INSERT INTO CUESTIONARIO_TRAYECTORIA_PREGUNTA_36(RESPUESTA)
VALUES
('Muy Bueno'),
('Bueno'),
('Regular'),
('Malo'),
('Muy Malo'),
('No aplica');

CREATE TABLE CUESTIONARIO_TRAYECTORIA_PREGUNTA_37(
ID INTEGER UNSIGNED PRIMARY KEY AUTO_INCREMENT,
RESPUESTA VARCHAR(500) NOT NULL);
INSERT INTO CUESTIONARIO_TRAYECTORIA_PREGUNTA_37(RESPUESTA)
VALUES
('Muy Bueno'),
('Bueno'),
('Regular'),
('Malo'),
('Muy Malo'),
('No aplica');

CREATE TABLE CUESTIONARIO_TRAYECTORIA_PREGUNTA_38(
ID INTEGER UNSIGNED PRIMARY KEY AUTO_INCREMENT,
RESPUESTA VARCHAR(500) NOT NULL);
INSERT INTO CUESTIONARIO_TRAYECTORIA_PREGUNTA_38(RESPUESTA)
VALUES
('Muy Bueno'),
('Bueno'),
('Regular'),
('Malo'),
('Muy Malo'),
('No aplica');

CREATE TABLE CUESTIONARIO_TRAYECTORIA_PREGUNTA_39(
ID INTEGER UNSIGNED PRIMARY KEY AUTO_INCREMENT,
RESPUESTA VARCHAR(500) NOT NULL);
INSERT INTO CUESTIONARIO_TRAYECTORIA_PREGUNTA_39(RESPUESTA)
VALUES
('Muy Bueno'),
('Bueno'),
('Regular'),
('Malo'),
('Muy Malo'),
('No aplica');

CREATE TABLE CUESTIONARIO_TRAYECTORIA_PREGUNTA_40(
ID INTEGER UNSIGNED PRIMARY KEY AUTO_INCREMENT,
RESPUESTA VARCHAR(500) NOT NULL);
INSERT INTO CUESTIONARIO_TRAYECTORIA_PREGUNTA_40(RESPUESTA)
VALUES
('Muy Bueno'),
('Bueno'),
('Regular'),
('Malo'),
('Muy Malo'),
('No aplica');

CREATE TABLE CUESTIONARIO_TRAYECTORIA_PREGUNTA_41(
ID INTEGER UNSIGNED PRIMARY KEY AUTO_INCREMENT,
RESPUESTA VARCHAR(500) NOT NULL);
INSERT INTO CUESTIONARIO_TRAYECTORIA_PREGUNTA_41(RESPUESTA)
VALUES
('Muy Bueno'),
('Bueno'),
('Regular'),
('Malo'),
('Muy Malo'),
('No aplica');

CREATE TABLE CUESTIONARIO_TRAYECTORIA_PREGUNTA_42(
ID INTEGER UNSIGNED PRIMARY KEY AUTO_INCREMENT,
RESPUESTA VARCHAR(500) NOT NULL);
INSERT INTO CUESTIONARIO_TRAYECTORIA_PREGUNTA_42(RESPUESTA)
VALUES
('Muy Bueno'),
('Bueno'),
('Regular'),
('Malo'),
('Muy Malo'),
('No aplica');

CREATE TABLE CUESTIONARIO_TRAYECTORIA_PREGUNTA_43(
ID INTEGER UNSIGNED PRIMARY KEY AUTO_INCREMENT,
RESPUESTA VARCHAR(500) NOT NULL);
INSERT INTO CUESTIONARIO_TRAYECTORIA_PREGUNTA_43(RESPUESTA)
VALUES
('Muy Bueno'),
('Bueno'),
('Regular'),
('Malo'),
('Muy Malo'),
('No aplica');

CREATE TABLE CUESTIONARIO_TRAYECTORIA_PREGUNTA_44(
ID INTEGER UNSIGNED PRIMARY KEY AUTO_INCREMENT,
RESPUESTA VARCHAR(500) NOT NULL);
INSERT INTO CUESTIONARIO_TRAYECTORIA_PREGUNTA_44(RESPUESTA)
VALUES
('Muy Bueno'),
('Bueno'),
('Regular'),
('Malo'),
('Muy Malo'),
('No aplica');

CREATE TABLE CUESTIONARIO_TRAYECTORIA_PREGUNTA_45(
ID INTEGER UNSIGNED PRIMARY KEY AUTO_INCREMENT,
RESPUESTA VARCHAR(500) NOT NULL);
INSERT INTO CUESTIONARIO_TRAYECTORIA_PREGUNTA_45(RESPUESTA)
VALUES
('Muy Bueno'),
('Bueno'),
('Regular'),
('Malo'),
('Muy Malo'),
('No aplica');

CREATE TABLE CUESTIONARIO_TRAYECTORIA_PREGUNTA_46(
ID INTEGER UNSIGNED PRIMARY KEY AUTO_INCREMENT,
RESPUESTA VARCHAR(500) NOT NULL);
INSERT INTO CUESTIONARIO_TRAYECTORIA_PREGUNTA_46(RESPUESTA)
VALUES
('Muy Bueno'),
('Bueno'),
('Regular'),
('Malo'),
('Muy Malo'),
('No aplica');

CREATE TABLE CUESTIONARIO_TRAYECTORIA_PREGUNTA_47(
ID INTEGER UNSIGNED PRIMARY KEY AUTO_INCREMENT,
RESPUESTA VARCHAR(500) NOT NULL);
INSERT INTO CUESTIONARIO_TRAYECTORIA_PREGUNTA_47(RESPUESTA)
VALUES
('Muy Bueno'),
('Bueno'),
('Regular'),
('Malo'),
('Muy Malo'),
('No aplica');

CREATE TABLE CUESTIONARIO_TRAYECTORIA_PREGUNTA_48(
ID INTEGER UNSIGNED PRIMARY KEY AUTO_INCREMENT,
RESPUESTA VARCHAR(500) NOT NULL);
INSERT INTO CUESTIONARIO_TRAYECTORIA_PREGUNTA_48(RESPUESTA)
VALUES
('Muy Bueno'),
('Bueno'),
('Regular'),
('Malo'),
('Muy Malo'),
('No aplica');

CREATE TABLE CUESTIONARIO_TRAYECTORIA_PREGUNTA_49(
ID INTEGER UNSIGNED PRIMARY KEY AUTO_INCREMENT,
RESPUESTA VARCHAR(500) NOT NULL);
INSERT INTO CUESTIONARIO_TRAYECTORIA_PREGUNTA_49(RESPUESTA)
VALUES
('Muy Bueno'),
('Bueno'),
('Regular'),
('Malo'),
('Muy Malo'),
('No aplica');

CREATE TABLE CUESTIONARIO_TRAYECTORIA_PREGUNTA_50(
ID INTEGER UNSIGNED PRIMARY KEY AUTO_INCREMENT,
RESPUESTA VARCHAR(500) NOT NULL);
INSERT INTO CUESTIONARIO_TRAYECTORIA_PREGUNTA_50(RESPUESTA)
VALUES
('Muy Bueno'),
('Bueno'),
('Regular'),
('Malo'),
('Muy Malo'),
('No aplica');

CREATE TABLE CUESTIONARIO_TRAYECTORIA_PREGUNTA_51(
ID INTEGER UNSIGNED PRIMARY KEY AUTO_INCREMENT,
RESPUESTA VARCHAR(500) NOT NULL);
INSERT INTO CUESTIONARIO_TRAYECTORIA_PREGUNTA_51(RESPUESTA)
VALUES
('Muy Bueno'),
('Bueno'),
('Regular'),
('Malo'),
('Muy Malo'),
('No aplica');

CREATE TABLE CUESTIONARIO_TRAYECTORIA_PREGUNTA_52(
ID INTEGER UNSIGNED PRIMARY KEY AUTO_INCREMENT,
RESPUESTA VARCHAR(500) NOT NULL);
INSERT INTO CUESTIONARIO_TRAYECTORIA_PREGUNTA_52(RESPUESTA)
VALUES
('Muy Bueno'),
('Bueno'),
('Regular'),
('Malo'),
('Muy Malo'),
('No aplica');

CREATE TABLE CUESTIONARIO_TRAYECTORIA_PREGUNTA_53(
ID INTEGER UNSIGNED PRIMARY KEY AUTO_INCREMENT,
RESPUESTA VARCHAR(500) NOT NULL);
INSERT INTO CUESTIONARIO_TRAYECTORIA_PREGUNTA_53(RESPUESTA)
VALUES
('Muy Bueno'),
('Bueno'),
('Regular'),
('Malo'),
('Muy Malo'),
('No aplica');

CREATE TABLE CUESTIONARIO_TRAYECTORIA_PREGUNTA_54(
ID INTEGER UNSIGNED PRIMARY KEY AUTO_INCREMENT,
RESPUESTA VARCHAR(500) NOT NULL);
INSERT INTO CUESTIONARIO_TRAYECTORIA_PREGUNTA_54(RESPUESTA)
VALUES
('Muy Bueno'),
('Bueno'),
('Regular'),
('Malo'),
('Muy Malo'),
('No aplica');

CREATE TABLE CUESTIONARIO_TRAYECTORIA_PREGUNTA_55(
ID INTEGER UNSIGNED PRIMARY KEY AUTO_INCREMENT,
RESPUESTA VARCHAR(500) NOT NULL);
INSERT INTO CUESTIONARIO_TRAYECTORIA_PREGUNTA_55(RESPUESTA)
VALUES
('Muy Bueno'),
('Bueno'),
('Regular'),
('Malo'),
('Muy Malo'),
('No aplica');

CREATE TABLE CUESTIONARIO_TRAYECTORIA_PREGUNTA_56(
ID INTEGER UNSIGNED PRIMARY KEY AUTO_INCREMENT,
RESPUESTA VARCHAR(500) NOT NULL);
INSERT INTO CUESTIONARIO_TRAYECTORIA_PREGUNTA_56(RESPUESTA)
VALUES
('Muy Bueno'),
('Bueno'),
('Regular'),
('Malo'),
('Muy Malo'),
('No aplica');

CREATE TABLE CUESTIONARIO_TRAYECTORIA_PREGUNTA_57(
ID INTEGER UNSIGNED PRIMARY KEY AUTO_INCREMENT,
RESPUESTA VARCHAR(500) NOT NULL);
INSERT INTO CUESTIONARIO_TRAYECTORIA_PREGUNTA_57(RESPUESTA)
VALUES
('Muy Bueno'),
('Bueno'),
('Regular'),
('Malo'),
('Muy Malo'),
('No aplica');

CREATE TABLE CUESTIONARIO_TRAYECTORIA_PREGUNTA_58(
ID INTEGER UNSIGNED PRIMARY KEY AUTO_INCREMENT,
RESPUESTA VARCHAR(500) NOT NULL);
INSERT INTO CUESTIONARIO_TRAYECTORIA_PREGUNTA_58(RESPUESTA)
VALUES
('Muy Bueno'),
('Bueno'),
('Regular'),
('Malo'),
('Muy Malo'),
('No aplica');